Ticker,return_6m,volatility,avg_volume,up_ratio,early_return,mid_return,late_return,cluster
A,0.3219571513693775,0.01812860915855814,1792173.6434108526,0.5625,0.019269092857018277,0.09307321594531337,0.1609440498817638,1
AAPL,0.28565685901162197,0.014233250423251952,53353252.71317829,0.5390625,-0.01021998809738478,0.13522652753161934,0.14094340096531766,2
ABBV,0.3303454035736346,0.014099046185986256,5758584.496124031,0.5546875,0.08332991165069825,0.12988508174487,0.05989360099803531,1
ABNB,-0.1122590079866358,0.016195719056757443,4838929.457364341,0.5078125,-0.005383704989485372,-0.1266331586733288,-0.009577924792250836,3
ABT,0.024887177752297207,0.013205821450038508,6171043.4108527135,0.546875,0.02933540106759769,0.1016512672140939,-0.02235448372511062,1
ACGL,0.018381928420406313,0.014133062740697427,2139895.3488372094,0.5078125,-0.01959272217053376,-0.014437247415075904,0.059187158091101866,3
ACN,-0.2308717303602411,0.016818367293549283,4222258.139534884,0.4765625,-0.12278411317527627,-0.16232760051963013,0.016456645375161782,3
ADBE,-0.17112678213694554,0.01671717092566737,4006065.891472868,0.484375,-0.09437507720686733,-0.03744030771911089,-0.08550838607554945,3
ADI,0.044408075846122275,0.016376130871102255,3534393.023255814,0.515625,0.06562685071812857,0.016995487412300392,-0.0464030837719388,3
ADM,0.20866209962073823,0.016477427439307468,3626055.03875969,0.46875,0.10412230660494681,0.17454001246926865,-0.04059583460536742,3
ADP,-0.17366693466289207,0.011426355477473386,1735046.511627907,0.4765625,-0.0246911907292503,-0.039489322107365665,-0.12349784818046528,3
ADSK,0.013027021696558005,0.01638288847197015,1534835.6589147288,0.5078125,-0.020538699156517515,0.09019032644177427,-0.06229636747339251,3
AEE,0.12156322592052127,0.008741266732145089,1587879.8449612404,0.5546875,0.026967191142333924,0.02040347879111959,0.06112958823625547,1
AEP,0.250273287813805,0.010904537600754821,3221017.8294573645,0.5078125,0.06998684459582138,0.01690608989135267,0.13705799905968874,1
AES,0.13303150580557332,0.03357414577375078,13295752.713178294,0.5,0.03993615257080485,-0.024087696984171236,0.1187605540116421,0
AFL,0.11259487396796475,0.0106901144654287,2324822.480620155,0.5390625,-0.018285600849347494,0.06702036654794274,0.04678195389465456,1
AIG,-0.03994124439451008,0.013533271349692436,4252331.007751938,0.5,-0.005775888552765451,-0.05187574140046525,0.01236975143870711,3
AIZ,0.17350349237921336,0.01657821407714392,440188.37209302327,0.5859375,-0.05001175393365109,0.0963690802740036,0.09112170089685279,1
AJG,-0.21251921440228394,0.015275320680675617,1484405.4263565892,0.4921875,-0.05795654047330534,-0.06950279196093734,-0.11668828493528027,3
AKAM,0.12462902549965849,0.020784772059302552,2245619.379844961,0.53125,-0.006063749293633847,-0.019889683635159305,0.14939349127307477,1
ALB,0.9076620637650288,0.03938077323138875,3998503.100775194,0.5703125,0.1602714958380107,0.07445415508342723,0.4363771722739287,0
ALGN,-0.2692245705136599,0.03897142828448203,1302975.1937984496,0.515625,0.01380235374858807,-0.3144015998594353,0.05940978288290211,0
ALL,0.07880245899731597,0.015152184257503991,1459650.3875968992,0.515625,-0.02006709386973604,0.02200882656903258,0.08643854525605987,3
ALLE,0.14718760635119144,0.013680940853977325,884126.3565891472,0.5546875,0.039191950771916284,0.15312964693390074,-0.08697129583414587,1
AMAT,0.3052845647746032,0.025526148209087125,7789162.015503876,0.5390625,0.1218785682239798,-0.0960036906642775,0.2687923893311661,0
AMCR,-0.06319051045596635,0.016196097211291918,25060525.58139535,0.5,0.04507291099285582,-0.11777075274484705,0.024154567115350467,3
AMD,1.0965850747475856,0.03772023717401816,56762641.08527132,0.5390625,0.3598369025747328,0.0003117202831262045,0.5507036433761459,2
AME,0.08168089867998152,0.012615115302741002,1296463.5658914729,0.4609375,-0.011175882008389482,0.043829534215197086,0.03817449992135091,3
AMGN,0.305748702066883,0.01730041586414355,2455236.434108527,0.53125,0.15015458755292999,-0.07696464726277363,0.225801757157567,1
AMP,-0.11617575540641945,0.013226007720123134,496486.0465116279,0.5078125,0.006076748677391608,-0.09657696521306114,-0.05466477789565971,3
AMT,-0.08720766548815007,0.012800796504280305,2587622.480620155,0.484375,0.10082123402305743,-0.12692789768094992,-0.06090475621815994,3
AMZN,0.11624257998290721,0.019094761762825496,44130954.26356589,0.5546875,0.06154579044664099,0.04542611196684887,0.01325450042715648,1
ANET,0.33750756958346395,0.03169205513380843,9083477.519379845,0.59375,0.10262677362836348,0.2695124075767148,-0.08029964656097177,0
AON,-0.0038474919584526868,0.01292077999363274,1269220.1550387596,0.5,0.0066435288672164194,0.007580773596265855,-0.021983226584322613,3
AOS,-0.04308302338636427,0.015371153538823118,1408379.8449612404,0.46875,-0.004389101684934227,0.04544243780299406,-0.10980148772740805,3
APA,0.39840735356268886,0.028465704460308165,7425257.364341085,0.484375,-0.0016510268321717758,0.3186795671775591,0.037563882293566,0
APD,-0.032265069803909086,0.014257067962416669,1104055.8139534884,0.4609375,0.07129683984929458,-0.029395656828875683,-0.10176719701320958,3
APH,0.5667686387253037,0.015890648068465022,8458806.201550387,0.625,0.17631665197729185,0.16913451976110805,0.12946542823189033,1
APO,-0.0880094636444152,0.0203175023065708,3257300.0,0.5234375,0.06248481614428525,-0.09923553470615509,-0.05921337550073047,3
APP,0.48111754276039087,0.03697728395247355,6399772.0930232555,0.546875,-0.05587721906691301,0.6597943532329564,-0.08070412274560224,0
APTV,0.13670420258537797,0.01890578166479514,2273075.19379845,0.4921875,0.010227587196772303,0.18286618354041928,-0.04790050341302188,3
ARE,-0.2380081216073111,0.026310441980652518,1882679.0697674418,0.5625,0.12102773631737085,0.08695645339447333,-0.3760794284559462,0
ATO,0.16262461199547262,0.009566880897760836,878633.3333333334,0.59375,0.022602501524362273,0.056601579844998806,0.07139797116448232,1
AVB,-0.10282754901583147,0.012407715161692194,885621.7054263566,0.515625,0.009937290551211397,-0.048731068255673415,-0.06865443873854715,3
AVGO,0.4813638618881957,0.024409992157249944,21863236.434108526,0.5703125,0.21260955964795158,0.2567638161223409,-0.00902233568532107,1
AVY,-0.03168841227586627,0.014907660747800814,683072.0930232558,0.4765625,-0.007715846701295215,-0.07545332838275076,0.0483206081164842,3
AWK,-0.00446073159691418,0.013469017410273242,1368688.3720930233,0.5234375,0.059034579960662414,-0.036428309304064044,-0.02663540771447348,3
AXON,-0.23905676797945352,0.029764449863005648,663696.8992248062,0.5546875,0.019546195299757763,0.006448928288231626,-0.26261954893200046,0
AXP,0.19623152657249432,0.014871151106829347,2591059.689922481,0.515625,0.04194418691265156,0.037069944404300115,0.06572923637213268,1
AZO,0.0580014400254063,0.01364936904367125,131950.38759689924,0.5078125,0.010201865416224809,0.15742508842640346,-0.08876397144862147,3
BA,-0.04982413485454151,0.017335518459617328,7860755.813953488,0.4765625,0.12299722804629831,-0.06917747068198743,-0.09369612893281909,3
BAC,0.18941392494548803,0.012547382426267012,37306696.8992248,0.546875,0.03489606273122359,0.08340659942203477,0.023540837520470648,1
BALL,-0.0933730858233679,0.014931339942641097,2609224.031007752,0.484375,0.10601887080753158,-0.1403536398114985,-0.029363833901363434,3
BAX,-0.3831413394846789,0.029679233276541036,6458174.4186046515,0.46875,-0.059103736812380236,-0.13813284170706064,-0.20387936612229962,0
BBY,0.059577374252500315,0.022169612063056916,3532637.984496124,0.4921875,-0.07646918715576956,0.09413331932480418,0.029223889286357663,3
BDX,0.14173758679631132,0.014969997377620146,2438096.1240310078,0.5078125,0.04868065996783555,0.034947917439654086,0.029162370039571783,3
BEN,0.03536379026148517,0.015341592655552369,4314068.992248062,0.4921875,0.1216011643924999,-0.011419286259710115,-0.07154956834732928,3
BF-B,-0.1869800355923844,0.025137855971693844,4199062.790697674,0.46875,-0.19910235614818816,-0.051842560916106284,0.01604085049808024,0
BG,0.19221491017193126,0.021780494033407014,1917737.984496124,0.4453125,-0.10138999904408497,0.15395675703425105,0.19400569286968095,3
BIIB,0.39195812269361663,0.020348718345175057,1574249.6124031008,0.5234375,0.06720946899301183,0.11648138899678773,0.15655421204524878,1
BK,0.2692363012554986,0.010302915168832336,3689496.1240310078,0.609375,0.08585397629767755,0.08304988952185433,0.03751890514822587,1
BKNG,-0.02896930172043999,0.013468741144833131,215686.82170542635,0.5234375,0.08652234160029826,-0.03509968372825634,-0.09105468640786896,3
BKR,0.3007473687522535,0.019099941385741035,7085347.286821705,0.5859375,0.022198777462469454,0.21183282285136573,0.05338902468962026,1
BLDR,-0.13446573012780905,0.028732178261589945,2106983.7209302327,0.40625,0.054305060227272994,0.07993698968086038,-0.1998762111840977,0
BLK,0.10496129129854093,0.013274599349252703,596666.6666666666,0.53125,0.1250300332451848,0.01700085534638096,-0.06524243755785175,1
BMY,0.08601262380139385,0.017016113233273074,14189965.891472869,0.5,0.08323005912272796,-0.03578854876515036,0.024727323552588443,3
BR,-0.04090379270151545,0.012146118520482075,652428.6821705427,0.46875,-0.00745269036094931,0.03955137107682516,-0.07775782448707025,3
BRK-B,0.011005181986674994,0.008659450639118459,4592193.023255814,0.515625,-0.06374651713740265,0.03715673123083496,0.03373756692088592,3
BRO,-0.251896831383823,0.01642585343912428,3247865.891472868,0.5078125,-0.03047936694158737,-0.12547629484727574,-0.1229918688509476,3
BSX,-0.002525444531743637,0.012014219293288464,8153755.03875969,0.4921875,0.0023312821785190785,-0.05418058371975443,0.042538095851839985,3
BX,-0.03272407084749074,0.01800227932778762,3830020.1550387596,0.421875,0.11790871070009645,0.07158252874999849,-0.22287713159587152,3
BXP,0.09417004429421039,0.018268340537334275,1792736.4341085271,0.53125,0.07572133196030184,0.14341600561454104,-0.06709117934159226,1
C,0.3489389917158363,0.014518637707953417,13641336.434108527,0.546875,0.19564348791851782,0.08821450560306476,-0.008470580214003931,1
CAG,-0.19215286393834774,0.015445912640704457,10672489.147286821,0.453125,-0.151893072877074,0.016781627957209055,-0.05724542669292021,3
CAH,0.3925570556001492,0.019688906052231992,2320772.8682170543,0.5859375,0.08888576422709216,-0.0695473049146107,0.38580028973957425,1
CARR,-0.2575252191354451,0.018762128827503343,5368031.782945736,0.453125,0.028217098061815937,-0.20564889430640387,-0.1055991600622942,3
CAT,0.594855407156692,0.01801555104553436,2790893.023255814,0.5703125,0.18080412989882588,0.057919221549345146,0.2329068522676625,1
CB,0.05367869567185646,0.011310146679725257,1806524.8062015504,0.484375,-0.01011465018612867,-0.012488210804171285,0.08536268221992649,3
CBOE,0.21326396325932362,0.012265513177738975,828680.6201550388,0.5390625,0.11346965859447145,-0.017238441422198214,0.09026839459654967,1
CBRE,0.19060906995869975,0.015472825632434593,1585814.7286821706,0.5625,0.07198209143545165,0.17345241280075685,-0.06493031126425097,1
CCI,-0.04602471430789745,0.01321623431516999,3206531.7829457363,0.5,0.0679506920533346,-0.09224414831841654,-0.032911420317978224,3
CCL,0.13179646441110582,0.023088537579504763,21941957.364341084,0.515625,0.2631579471353307,0.059422748885026744,-0.16575825545910505,0
CDNS,-0.013964187257280214,0.021357729437741814,1834002.3255813953,0.53125,-0.015060045259919663,0.08773304774423285,-0.09312637821006009,1
CDW,-0.22833218464651017,0.018197553393585912,1285283.7209302327,0.4765625,-0.06880563731990963,-0.07342550796358549,-0.13276341889194865,3
CEG,0.17782802744104464,0.024679752449575723,2629737.984496124,0.515625,0.07104308057995756,0.04940053113113363,0.05367674249413845,0
CF,0.006807062269521769,0.019440616082504643,2635982.1705426355,0.5078125,0.08342099477535991,-0.06894954563789846,0.016120843883395075,3
CFG,0.26499725252719863,0.015679650720167866,4659770.542635659,0.5546875,0.12935798384975183,0.056429428995713016,-0.002153986388131801,1
CHD,-0.08832382798368976,0.012995172747926116,2243951.9379844964,0.5390625,0.03709683315460666,-0.053772187961550255,-0.08268371199386437,1
CHRW,0.576536825699725,0.02677102040980801,1478779.8449612404,0.5625,0.005609796665829281,0.36427409787400156,0.1310978399138487,1
CHTR,-0.5092543050979239,0.02505694781508693,1865891.4728682172,0.421875,-0.08273327078308645,-0.3193242563508405,-0.24222067596176444,3
CI,-0.10226653793647733,0.024266029342683737,1889803.8759689922,0.4921875,0.012998525116153292,-0.00866320573059609,-0.09079872216964868,0
CINF,0.13335865660066792,0.013018817464939438,530503.1007751938,0.5703125,0.015851099188072704,0.028450640418434148,0.06692472272383232,1
CL,-0.09735710906374284,0.011412666621538562,5595496.899224807,0.4375,0.0010277428814600142,-0.0604242563212396,-0.04435305177932336,3
CLX,-0.20671582196682692,0.013185252209243718,1864644.96124031,0.4375,-0.04879695798313444,-0.024266212278552635,-0.16456499674482972,3
CMCSA,-0.1881697467611304,0.013637072974632545,24029296.124031007,0.4375,0.004494707093176231,-0.06945248225752676,-0.142707383058715,3
CME,0.08049737493093745,0.010474603997991353,2087739.534883721,0.578125,0.04702115047712119,-0.06028077091309325,0.08628054563663179,1
CMG,-0.39567383842873616,0.025998684172389024,18816526.356589146,0.40625,0.02182234596133914,-0.26596939549803034,-0.20418449326932364,3
CMI,0.4049629319107364,0.015921445504533806,850728.6821705427,0.578125,0.04418363869436015,0.19929482566748602,0.12343966856804323,1
CMS,0.09094187869185544,0.009619289197510168,2363693.023255814,0.5390625,0.02762041182744568,-0.005314765535207822,0.05852704783393525,1
CNC,-0.3882629843388944,0.04672197832772817,12914426.356589148,0.53125,-0.488649752426345,0.09128345583826714,0.13616491405434772,0
CNP,0.09954304635481992,0.009380725852531026,5241426.356589147,0.5234375,-0.007152790589967761,0.03743511906138375,0.04441530815486039,1
COF,0.07686304801497945,0.016910854694552994,3928183.7209302327,0.5703125,0.10176168982022804,0.032205054521754706,-0.0640929332686847,1
COIN,0.07816710091353452,0.04214857060370195,12007494.57364341,0.484375,0.5117118054401022,-0.20167984501008063,-0.11405040503193498,0
COO,-0.10364115621685188,0.02417217159623546,2692596.1240310078,0.53125,-0.096557775004257,-0.11056508651281172,0.12142409197216164,0
COP,0.003649107739816193,0.016292530952732406,7076963.565891473,0.4921875,-0.003037584896248835,0.027043681950273957,-0.026113802560344013,3
COR,0.30364530005424517,0.013244757270224701,1383190.6976744186,0.5703125,0.06897331770284598,-0.01303789130006916,0.2540999961827304,1
COST,-0.06653661725986737,0.011133541402596618,2250841.8604651163,0.453125,-0.04051272355173896,-0.0005460953986504702,-0.04023161218718485,3
CPAY,-0.208895567528661,0.019814634142884747,512261.2403100775,0.484375,-0.07285409767424167,-0.08597432716755626,-0.10159996478929967,3
CPB,-0.06535325548186488,0.017072373592008944,5748304.651162791,0.4296875,-0.08648496791486993,0.07220450492999708,-0.03807550507425561,3
CPRT,-0.34187755469220005,0.01630150287361697,7356171.317829457,0.4453125,-0.26337710844227613,0.014818049993898574,-0.11883305936845734,3
CPT,-0.09583866186950596,0.012003376924380004,1005129.4573643411,0.5078125,-0.004985776235347128,-0.061585578813515895,-0.026188197714050232,3
CRL,0.20770062068516415,0.025414340185905007,952949.6124031008,0.53125,0.11507740801980892,-0.032546208960113066,0.09880825181557817,0
CRM,-0.15914094793767486,0.018149969292090617,8386089.147286822,0.515625,-0.11137419895001233,-0.07915196486978804,0.00598652783968201,3
CRWD,0.233082499386414,0.02326018753487221,3095913.1782945734,0.515625,0.07916229199513158,-0.052891420931293176,0.20662174588769644,0
CSCO,0.2880220786161407,0.01330705389023192,20462610.85271318,0.53125,0.10581062894978666,-0.02005858075182676,0.15875651144972402,1
CSGP,-0.10093802540913877,0.017617438519054885,3118926.3565891474,0.515625,0.12485132307344937,0.03743378951635834,-0.22556047655973444,3
CSX,0.1339043284575181,0.013418413636411965,17070536.434108526,0.5234375,0.0763191369917946,-0.05507934141425219,0.06499850590055778,1
CTAS,-0.12278070230838434,0.011438280904329067,1784668.2170542635,0.46875,0.001028988086921645,-0.10014443942736384,-0.06406529838531538,3
CTRA,0.0826798457595801,0.016296163918499612,7891679.84496124,0.515625,-0.02302089383176309,0.013294080023779964,0.08956740143730846,3
CTSH,-0.08882843203653701,0.014653447466503976,4041614.7286821706,0.515625,-0.06525731150058134,-0.08049643304117471,0.0369842069460502,3
CTVA,-0.01879318423386489,0.014972481380167935,4353527.131782946,0.53125,0.08234456511419963,-0.04264100863057163,-0.06568515614013981,1
CVS,0.320813462239423,0.015789594299941583,7641794.573643411,0.6171875,0.06262489010447858,0.17348163333669286,0.06008245988484395,1
CVX,0.13867348929701695,0.0117165733648259,8711204.65116279,0.5390625,0.07112360652882521,0.06563618062508758,-0.015428829266070254,1
D,0.1480953392384654,0.011287308112700251,5189565.891472869,0.5078125,0.07151274552918774,0.04292121679904204,0.016107431606508626,3
DAL,0.1624107352913602,0.02537717504436445,9016227.131782945,0.5,0.09845785292198994,0.030593802153095817,-0.0039354481637395855,0
DASH,0.05141236823945472,0.02547197115543351,3881969.7674418604,0.5390625,0.1913229240131824,0.11943660775738874,-0.20169717757428274,0
DAY,0.16220315380439443,0.027636802279567243,2443256.589147287,0.515625,-0.06804778799920763,0.19850769416414882,0.008624416113244715,0
DD,0.40673161669017577,0.017730379472662473,7241942.992248062,0.5234375,0.09031471310736583,0.04203809956687454,0.23608881206975507,1
DDOG,0.5535309446304157,0.03327748180241499,5744057.364341085,0.4765625,0.17020744727331616,-0.0597974007933505,0.3783058958175822,0
DE,-0.036369653153455195,0.014376073648863933,1295677.519379845,0.4921875,0.02379375966942976,-0.06098491683395302,0.01870135089139202,3
DECK,-0.34971734219595496,0.03356926171557858,3742175.968992248,0.453125,-0.2314698744947834,0.17259435892132613,-0.3021570653702439,0
DELL,0.21406331549951907,0.024766774539768933,6286089.92248062,0.4921875,0.11304273640756524,0.03488799145968002,0.029895548857534315,0
DG,0.2025761578376093,0.022254609694339806,3174816.2790697673,0.46875,0.2901252883438743,-0.04595811302365305,-0.011391608405262543,3
DGX,0.09365211701727882,0.014004507579031843,1013336.4341085271,0.5546875,-0.027199028099250233,0.07123326296135701,0.03034378641631541,1
DHI,0.17344285459267672,0.02535422584173734,3634701.5503875967,0.4921875,0.07733266956812512,0.3075347116382705,-0.15948782407533724,0
DHR,0.18173433298434238,0.018641066339686277,4038505.426356589,0.5234375,0.030814213007962277,-0.022177710622372837,0.14854766412685927,1
DIS,-0.05922459567449034,0.012771910223161188,8826801.550387597,0.4296875,0.06544144997836909,-0.05711476785720637,-0.08871658533793336,3
DLR,-0.03175754233691397,0.013709420928094596,1630526.3565891474,0.5078125,0.0513900159305154,-0.009441098414657345,-0.07578148807032792,3
DLTR,0.2171740991356781,0.022542173814098416,4147093.023255814,0.546875,0.23890315792758487,-0.11715208497628682,0.07128248422701855,1
DOC,0.06415002737469644,0.014801088683455284,7519403.100775193,0.5,0.0886318969026818,0.004384912089074877,-0.030993950581143848,3
DOV,-0.0027411639696695023,0.014047331584689696,1057426.3565891474,0.46875,0.020034254785569194,-0.09194814053896594,0.06806648222028433,3
DOW,-0.20977695218601056,0.03149034146667203,13532006.201550387,0.4453125,-0.04404229711706775,-0.12741535917358193,-0.06560719438819818,0
DPZ,-0.1446318246490922,0.013846247146446944,633320.9302325582,0.453125,-0.03337521883605299,-0.052442777643896044,-0.06401037936133913,3
DRI,-0.14924114727834425,0.013769511339967564,1320975.1937984496,0.4921875,0.011028081534856238,0.0140491132646956,-0.1606973828068593,3
DTE,0.049995646922783354,0.009377613680084496,1285074.4186046512,0.546875,0.019826659880930242,0.002418106768872219,0.014728780135995434,1
DUK,0.12023963218119249,0.008531092448137705,3017834.88372093,0.546875,0.05692096620693965,0.0326029211947767,0.022102512582740763,1
DVA,-0.13116505822226276,0.0179500687869581,821962.7906976744,0.5,0.0022874005588273683,-0.09255128902601717,-0.0503906011581422,3
DVN,0.07017600213232367,0.019723537865653434,7703010.07751938,0.5078125,-0.058494581767835285,0.07422397098772104,0.01214347096946411,3
DXCM,-0.32894124334268726,0.02774336746362677,4807744.186046512,0.4765625,-0.027623664844882656,-0.08977402567595216,-0.24045003245786267,0
EA,0.36889708911145136,0.01893890299037465,3194413.1782945734,0.5234375,0.01571294926995348,0.14976998860265778,0.1582464531379626,1
EBAY,0.22125140413964095,0.026477922995592908,5766289.147286822,0.53125,0.11681686196555874,0.16067876565520178,-0.06791908262042401,0
ECL,0.03872559082225524,0.011669305240309586,1286950.3875968992,0.5546875,0.07285815343875801,-0.01603730651306079,-0.02555019277045245,1
ED,0.03254007890828681,0.010152116554846479,2326059.689922481,0.5390625,0.011987581418001048,-0.042147993018983865,0.054564336649086,1
EFX,-0.23279557708815923,0.020008793377893897,1107325.5813953488,0.4921875,-0.04149062482163168,-0.0011856605723760127,-0.21034573056931272,3
EG,-0.03771514999084502,0.016326474571339858,380027.9069767442,0.515625,-0.020960802702126857,-0.010089805740082336,-0.022238822256530066,3
EIX,0.07422798436156497,0.01761941639094996,3470220.1550387596,0.5234375,-0.08202409867963367,0.0750048613318759,0.07290645380412042,1
EL,0.3877899549349726,0.026451590691224772,3879217.0542635657,0.5078125,0.35458785489016753,0.026560073641628712,0.00011344149300418493,0
ELV,-0.12086315308256257,0.025283804800909283,2125006.976744186,0.5,-0.07539904860055102,0.03055555921909292,0.0562434354513377,0
EME,0.3296363879763302,0.024703850493490696,513587.5968992248,0.5625,0.18642108374326183,0.10682161645897725,0.005464332638687619,1
EMR,0.06368971355722097,0.014565977024919073,2996872.8682170543,0.546875,0.16011151011271219,-0.10285334706896376,-0.021881055787087877,1
EOG,-0.027749980145614916,0.014075421984131557,3545514.7286821706,0.484375,0.027770674394669737,0.020349488173410313,-0.06992617435860504,3
EPAM,-0.02907040063133881,0.02220447370607307,811324.0310077519,0.53125,-0.09512966742825435,-0.060250417441256476,0.16655803753646037,0
EQIX,-0.07517688596629579,0.016974900099114114,554656.5891472868,0.5078125,-0.10410528348136672,0.010952273610639107,0.008718736706017083,3
EQR,-0.121524257263531,0.01275583360490471,2204025.581395349,0.4765625,-0.020726293877693758,-0.037604117763563316,-0.0707295913454683,3
EQT,0.06922808688335436,0.020805149813931015,7838770.542635659,0.5078125,0.05003547995033841,-0.14718043014339133,0.2017901917385787,3
ERIE,-0.19626571131358372,0.017568517790118827,140570.5426356589,0.5,-0.02745695784360158,-0.09441797579191347,-0.1016296204739966,3
ES,0.22338029806433712,0.01296194520492386,2585565.11627907,0.609375,0.06919488477748437,-0.02190006822406676,0.17114019491783528,1
ESS,-0.06902256578851895,0.01421932409840413,487337.98449612403,0.5546875,0.0360301576513995,-0.07480312213175533,-0.03440005611365693,1
ETN,0.07391975750694635,0.016855469478387425,2262520.930232558,0.5,0.10270753032744229,-0.0221921702886686,-0.030163729932498495,3
ETR,0.1963752646817336,0.010671178076241525,2678955.8139534886,0.53125,0.037759340084217996,0.05094056501209354,0.08510241908869776,1
EVRG,0.21715358715138544,0.009307282085206507,2296896.1240310078,0.6328125,0.07347566421679375,0.061514583189794525,0.06563543679292416,1
EW,0.12443000718902697,0.01289533289224863,4456061.240310078,0.5234375,-0.007947890688619674,-0.01430826940034946,0.14760647013264383,1
EXC,0.10659864007462039,0.009743258382291023,6464413.178294574,0.5,0.01420121268390151,0.0037368331566047797,0.07196706469751035,3
EXE,0.061468486855456694,0.019144923453812114,3272692.2480620155,0.484375,-0.039251437359121955,-0.08438336822752779,0.18225554264337962,3
EXPD,0.2196725133414179,0.016742223148923964,1279413.953488372,0.515625,-0.004929785248599772,0.09550566237437286,0.1078031336509977,1
EXPE,0.5706998672606522,0.024564997528327637,1835865.8914728682,0.546875,0.056177324120364025,0.23794417639451937,0.1753264600340061,1
EXR,-0.06823448717323344,0.016380234043798684,1114242.6356589147,0.515625,0.032717946348113314,-0.015301775797591954,-0.07172782189567073,3
F,0.26964504015422963,0.01966518130499415,86698641.86046511,0.5390625,0.05539909447698155,0.055238500915272715,0.14430056991984186,2
FANG,0.05206975271122882,0.01856344536656218,2051662.7906976745,0.484375,-0.05110558570213819,-0.010743063345423298,0.06946500997171334,3
FAST,0.01483832796551221,0.013892148791014629,6128035.658914729,0.5234375,0.13277844367769176,0.03472454894824151,-0.13709080735370038,3
FCX,0.03525278758133621,0.02787804874610904,16182713.953488372,0.515625,0.12967369146669228,0.018893389870964894,-0.1061423119659829,0
FDS,-0.4012117221424992,0.018611903854344553,561737.2093023256,0.4453125,-0.04894141930869855,-0.2069921238246959,-0.18488871355479375,3
FDX,0.16916767437754388,0.01696537982313959,2029440.3100775194,0.5234375,-0.006786712725321498,0.003455615225122388,0.18504738685970734,1
FE,0.13928497537456086,0.008708549163102318,4348614.728682171,0.578125,-0.0204180984323179,0.07264042596116438,0.06791077923583089,1
FFIV,-0.16900457032140292,0.018930775039796975,609020.9302325582,0.484375,0.04094605252049366,0.07787845419736605,-0.27735399844269015,3
FICO,-0.1808786513431927,0.03514291534025932,339526.3565891473,0.5234375,-0.27712965304444837,0.018521067650427714,0.12213969599116337,0
FIS,-0.1680396705660142,0.016001378385570194,3642424.031007752,0.484375,0.02165856631418639,-0.17228817340269753,-0.043335868890306606,3
FISV,-0.6659644055353093,0.04586562219602821,7164186.71875,0.48031496062992124,-0.13399348130002708,-0.19950522888136624,-0.5222599007989054,0
FITB,0.10070270777835288,0.014192018412422057,5885206.976744186,0.515625,0.10330654566515585,0.05609010921875224,-0.0645087872029454,3
FOX,0.1625600000971017,0.017553122901752122,1510583.7209302327,0.546875,0.010882440091694257,0.00991402614481629,0.09128242332472691,1
FOXA,0.19214406319492405,0.01747483869250541,3580958.1395348837,0.5703125,0.019033719941303984,0.023848173726844335,0.09490028708784903,1
FRT,0.04257587293967324,0.011503900114220351,695044.9612403101,0.4453125,0.0023657725933372564,0.05024703152191479,-0.01173869166486452,3
FSLR,0.311431274920166,0.0378760457864904,3386502.3255813955,0.484375,-0.1355580318296543,0.18272448968915023,0.2010820263259907,0
FTNT,-0.20265431674942125,0.026882979136934954,5975405.426356589,0.5390625,0.0020342834219091444,-0.23961113065563788,0.02515875725536021,0
FTV,-0.05611913773009092,0.013410309082783407,3898532.7131782947,0.453125,-0.08046914002279015,-0.047999252077737586,0.07412037192941856,3
GD,0.28389197236311725,0.01080852398423357,1102117.8294573643,0.546875,0.11396384168830598,0.08767366776785646,0.06297067007559565,1
GDDY,-0.31043649596736067,0.01735969358971269,1574384.496124031,0.46875,-0.10553453788721145,-0.14350225717475473,-0.09986813627161129,3
GE,0.3691011791165215,0.014263229446855109,5189748.062015504,0.6015625,0.19409017582917376,0.12559556050481535,0.054205389287474315,1
GEHC,0.005169412559987707,0.0169016100596872,3521829.4573643412,0.515625,0.035831957870582354,0.016728119258225815,-0.044980341146573344,3
GEN,-0.05862614395145427,0.01461409643993827,4169810.07751938,0.4453125,0.05422441021105384,-0.04731069853099301,-0.06838796562832627,3
GEV,0.33722144780457164,0.026023333765617194,2951634.108527132,0.53125,0.2964835354354054,0.08420114661813427,-0.058945195729820155,0
GILD,0.288697483399585,0.016910836282052102,7215372.868217054,0.5390625,0.12451707133086298,0.026009715240160824,0.11366465583486574,1
GIS,-0.08814006207245029,0.013289737767033235,5783601.550387597,0.46875,-0.04853650048934077,-0.01451580880051584,-0.02389056544735524,3
GL,0.10968162954903238,0.014464375295194709,602504.6511627907,0.546875,0.0074592603107332955,0.15838818850965386,-0.07517006729890086,1
GLW,0.76859689492407,0.019806024474986438,6449363.565891473,0.59375,0.1331322105668873,0.45795185522559234,0.07101886501615073,1
GM,0.4098099664561454,0.022264961850484804,8966792.248062015,0.53125,0.06041272248971152,0.10150703303405995,0.20074914341436645,1
GNRC,0.17664005273787287,0.029787625522858137,1054443.4108527133,0.5390625,0.14170109323986102,0.22619202534177663,-0.16592193549695766,0
GOOG,0.6639338319040331,0.016636837296286382,24081506.976744186,0.5859375,0.10299678665271506,0.36245107986065483,0.10858516798103368,1
GOOGL,0.6749842878965902,0.01707117431535286,36600612.40310077,0.578125,0.10776750728692996,0.36934654470902184,0.10772253842948643,2
GPC,0.04032541792238442,0.013869150561873763,1196200.7751937984,0.4765625,-0.005483215029083666,0.1386357561902829,-0.0859728072873952,3
GPN,-0.1033851464859975,0.022060060711226175,2528532.5581395347,0.4375,-0.002827816647898218,0.017989045619173805,-0.13169300603066325,3
GRMN,-0.024169075147279617,0.01776770102684369,871275.9689922481,0.5625,0.10575089255232428,0.0539329835717135,-0.17102224376792674,1
GS,0.30658492832434425,0.014207098489369902,2001040.3100775194,0.546875,0.1647370958259018,0.11885848671631316,-0.004167608069164275,1
GWW,-0.13010675220631507,0.014533164176670055,288664.3410852713,0.484375,-0.028191946917051847,-0.025593385977960903,-0.06966724795763946,3
HAL,0.30649479271020486,0.02479988253990053,13827613.178294573,0.5234375,0.00886592489581517,0.048711466030581185,0.2269662578454179,0
HAS,0.2146389343962214,0.014763197248668536,1974844.1860465116,0.5546875,0.17628366651537752,-0.02385168735073251,0.05127165867706385,1
HBAN,-0.0037670471886245283,0.014972588968029946,30640263.565891474,0.5078125,0.0444945718800307,0.026501820249085206,-0.1031927753030335,3
HCA,0.29092745546812293,0.014573822535156617,1381058.9147286823,0.59375,-0.011470302315906844,0.10442682736197861,0.1834296716519912,1
HD,-0.016441524518237993,0.01175018775943548,3452236.434108527,0.4375,-0.03537710588513421,0.18048411214521898,-0.1310312101880995,3
HIG,0.06959316596318588,0.011490097224757063,1509711.6279069767,0.5390625,-0.040472886825028476,0.06401982290175301,0.024493014592611884,1
HII,0.4227655200486953,0.01657394044467794,474093.0232558139,0.5546875,0.1445529809303734,0.07513763510170546,0.15235267953999387,1
HLT,0.06711729333686511,0.01310731823028823,1780419.3798449612,0.484375,0.08156680461085442,0.006681484497643497,0.012236814386894057,3
HOLX,0.339414752680004,0.01881947163236344,2776335.6589147286,0.515625,0.1535404607349411,-0.010777801440051249,0.0872434727842033,1
HON,-0.011679864311247234,0.013066185214409047,4080657.395348837,0.4921875,0.09628106834739047,-0.11042434612735408,0.0036200779335049393,3
HOOD,0.995439016418298,0.03869085546956623,39897724.03100775,0.578125,0.6818700281239942,0.11313419298657101,0.032535406525704635,2
HPE,0.29515669947255563,0.02205196411468377,23815382.945736434,0.5859375,0.148396377952841,0.17282765883218243,-0.07195123700473405,1
HPQ,-0.12530832529824587,0.020507247095338448,9806875.968992248,0.46875,-0.1329539969507363,0.13125795273648833,-0.12078849383376067,3
HRL,-0.2063704426097397,0.01832542918738576,3994810.07751938,0.5,0.03556325435268759,-0.15700807222318225,-0.07905704108354883,3
HSIC,0.019263676353428183,0.01858474317740925,1680245.7364341086,0.484375,-0.010844779057835097,-0.01597123180361959,0.06026417386185612,3
HST,0.16276751303148385,0.015573305375607083,9420279.84496124,0.4609375,0.055327943908118016,0.09962648897109849,0.01564945071803514,3
HSY,0.12599821168022474,0.017334815773349947,1686477.519379845,0.53125,0.024341264184457367,0.13841916475657134,-0.06222198763677944,1
HUBB,0.1293140227467342,0.015785683291030646,547904.0775193798,0.5078125,0.08850896092394733,-0.00113638821760087,-0.0010155620908659513,3
HUM,0.036268092218341375,0.02894690409902725,1831156.5891472867,0.5703125,-0.013325469913048282,0.21816146770465772,-0.11671682013198859,0
HWM,0.27645270510117825,0.016473150647642067,2633075.968992248,0.546875,0.1557757876431165,-0.006598665946157101,0.09719317854646348,1
IBKR,0.3015329625445591,0.021694669422270746,5835262.015503876,0.578125,0.17033981551995248,0.052662235723486495,0.059191508143681126,1
IBM,0.20027018166445698,0.01685376039810288,4912773.643410853,0.5625,0.09347616966085659,-0.08063438644462906,0.18641138877235552,1
ICE,-0.1107080598668515,0.010205642122805987,3050946.511627907,0.453125,0.05435570178506932,-0.05529835903602476,-0.11715525501179247,3
IDXX,0.35434410602255184,0.03133026461933015,527922.480620155,0.5234375,0.021887624362182834,0.24472247896551713,0.07656899860474198,0
IEX,-0.11682791632096978,0.01695265004403921,701489.9224806202,0.4296875,-0.038919316950216665,-0.10937164575862279,0.03513509932096004,3
IFF,-0.10661948195448578,0.016158663662604402,2050343.4108527133,0.5234375,-0.0001532244381080572,-0.14007732395371042,0.046998211984017546,3
INCY,0.7029104281511187,0.02051722686909481,1962703.100775194,0.578125,0.13194904397735963,0.2170002691425419,0.22818393605847853,1
INTC,0.6505576069794778,0.03683829362902775,105401900.0,0.5,0.054368032128542465,0.10833339049802371,0.42650606433464033,2
INTU,0.017904475387278573,0.015664323005829886,1800783.7209302327,0.515625,0.15150318039899924,-0.13777351264691795,0.0014194177978732458,3
INVH,-0.13566724968120014,0.01126241238696485,4046661.2403100776,0.4375,-0.02910328416035457,-0.08462486080681086,-0.032567956013975,3
IP,-0.2339185400016761,0.02255738532480545,4421078.294573643,0.46875,0.02907440241857895,-0.08283924587558289,-0.19445997573279628,3
IPG,0.014312489191259603,0.018217253448589522,6995855.03875969,0.4765625,0.01841083577394942,0.1060146902214496,-0.0559786481546839,3
IQV,0.555563314180409,0.024647793413098366,1869587.596899225,0.5234375,0.11860098150310372,0.14431851490715908,0.18169156208346693,1
IR,-0.09266848548710438,0.018358217977714402,3082772.8682170543,0.453125,0.034967562819749,-0.1143106576415428,-0.04443759446825035,3
IRM,-0.04431500225394225,0.017500934585475296,1519332.558139535,0.5234375,0.019199406417985676,0.02514318252884773,-0.08152392779132622,3
ISRG,-0.029031333012163762,0.020265742172413802,2119508.527131783,0.4921875,-0.09417957303431135,-0.15820671379658768,0.26714477960891525,3
IT,-0.48211164398485273,0.03187020015736977,1191151.1627906978,0.46875,-0.1849809872275625,-0.3058299373545674,-0.09014650108188249,0
ITW,0.00748765484336511,0.01116930389509129,1002652.7131782946,0.5,0.05401988621416187,0.016065202626216912,-0.06475902398780908,3
IVZ,0.5479081577510743,0.021062705448811635,5434001.550387597,0.5625,0.09043923107542073,0.29153842045042433,0.07026573827156213,1
J,0.24139585873593683,0.013250158084696958,790413.6589147287,0.546875,0.10488997829455582,0.051530325759234996,0.048268842247432,1
JBHT,0.10723068840093575,0.026611315298658674,1188842.6356589147,0.4453125,0.024004369185371743,-0.09467915941032923,0.2134620515471819,0
JBL,0.21084246927898698,0.022798444737781417,1409964.3410852712,0.5390625,0.30884987761383953,-0.0396951514574958,-0.055092699429352465,1
JCI,0.23664938209126407,0.014894504149039941,4530040.310077519,0.5390625,0.1174843567811017,-0.018265240197435806,0.1052974320173452,1
JKHY,-0.07180152475720658,0.01270040473597339,796451.9379844961,0.515625,0.0008833640783754149,-0.10859325612343351,0.026536522252830652,3
JNJ,0.3600721108524292,0.010113066061561702,8335711.627906977,0.59375,0.1355059093191202,0.0906568263928682,0.10569975197578496,1
JPM,0.15402734256011552,0.011163836330223019,8277724.80620155,0.59375,0.08115096824604007,0.06654013129340797,-0.021375862814859592,1
K,0.033194932813449096,0.006051731326747192,3081500.7751937984,0.5,-0.018289038828304127,0.0002959643720394922,0.059376962216697526,3
KDP,-0.15750596186985755,0.01921493041816792,15338577.519379845,0.4921875,0.022090458840382965,-0.20448511233820732,0.004200662320899218,3
KEY,0.0877000401148742,0.014939795043016747,22611001.5503876,0.5,0.09755956269959554,0.025007062511517297,-0.058257525311363745,3
KEYS,0.08877532681929234,0.016029386224386228,1009537.9844961241,0.5546875,-0.025538197954342534,0.05525579480269127,0.035567600290509205,1
KHC,-0.05801287823833101,0.01584740310009876,15520787.596899224,0.5078125,0.030343153377477172,-0.06467242590672806,-0.034201289406246005,3
KIM,-0.009601149777140994,0.01203847648312305,4239862.015503876,0.4765625,0.027024129241877803,0.03209747936719043,-0.06970390129684056,3
KKR,-0.06939703225936311,0.01972717730324965,3869382.9457364343,0.484375,0.10865698575927363,-0.020545679960325303,-0.16952906345057017,3
KLAC,0.4155591713348761,0.022845086224377354,1051459.6899224806,0.59375,0.16240638763080528,0.05938205766545335,0.1459282045969823,1
KMB,-0.20581148652797,0.017562093779168793,3109266.6666666665,0.4296875,-0.035055447708690735,-0.012808007285921907,-0.17174934567870936,3
KMI,0.020516126714856364,0.012386825229987014,13983179.84496124,0.5078125,0.016387487810541446,0.00027796771844590396,0.005811832986552856,3
KO,0.044181102160339325,0.009694791665875656,15757290.697674418,0.4609375,0.008711730357184644,-0.054426868180781574,0.061455887385404084,3
KR,0.02100269887237749,0.01588177961895305,7089194.573643411,0.4765625,0.08921552176817538,-0.0710443153670478,0.0015802947462759676,3
KVUE,-0.26587823680429734,0.02621466057081235,28136942.635658916,0.453125,-0.05818973451006115,-0.16229542166455524,-0.08016007878831788,0
L,0.1966642261593874,0.008891021979992022,785568.992248062,0.609375,0.041597401642353926,0.04093079142415412,0.07872716886563857,1
LDOS,0.25665188980949827,0.014495258041749465,940964.3410852713,0.5859375,0.05496542071166943,0.12456565519102902,0.04140370230684143,1
LEN,0.12720705034755397,0.021548889200290747,3443861.2403100776,0.5078125,0.014178805073739476,0.2197812137138666,-0.08531433894305984,0
LH,0.10724096901430125,0.01511656275700116,710340.3100775194,0.578125,0.0178612983004951,0.1114641344031202,-0.03325240856389078,1
LHX,0.3298853227236813,0.013254293824341299,1290859.6899224806,0.59375,0.20631749143133726,0.07538350318656639,0.026715495949106938,1
LII,-0.19886786590524574,0.020366143400376988,409960.4651162791,0.4453125,0.012109296653604495,-0.10043302078499772,-0.13417422619553976,3
LIN,-0.04456554301183757,0.009231514083790872,1914135.6589147288,0.4921875,0.034006943157973035,0.025328501916576318,-0.11768009925177048,3
LKQ,-0.2607434068983814,0.022446450472237527,2950879.069767442,0.5078125,-0.10474598453510298,-0.15030571507959245,-0.018000686670018196,3
LLY,0.4410395545403518,0.023569761959692355,4129629.4573643412,0.625,0.10601327460692489,0.006421058245809519,0.35080281322163676,1
LMT,0.051693741312029085,0.015927575025355946,1548463.5658914729,0.5625,0.056853826683175956,0.018287351742479974,-0.015535183842092959,1
LNT,0.13063634854193396,0.009196721236503738,1967214.7286821706,0.53125,0.03968902074049163,0.014238071167072652,0.06226592740833725,1
LOW,0.00734339603345302,0.013284965085398058,2750079.069767442,0.484375,-0.052120201115483655,0.2442068440178653,-0.14547394207865483,3
LRCX,0.7526467736625886,0.025156448815922643,11008654.263565892,0.6171875,0.18417969542689416,0.19525743148579977,0.2186444046285918,1
LULU,-0.45959981428955854,0.03185217839102497,4232960.465116279,0.4765625,-0.2840995338397372,-0.3041875700284966,0.044042067142220365,0
LUV,0.05781560018602461,0.023885912515975067,10327994.57364341,0.5234375,0.19902524580176695,-0.12949845966648688,0.02179329969542998,0
LVS,0.5549400745200197,0.023794639274678307,5235375.968992248,0.5703125,0.1579443731796517,0.06496242550719056,0.24541562966650066,1
LW,0.12284492263551283,0.02442882336886396,1974979.8449612404,0.5078125,-0.027426580541584866,0.1510553485164714,0.03056975885495028,0
LYB,-0.19665374403170655,0.025854735731567408,4669276.7441860465,0.4296875,0.08114646707535544,-0.14839448590279103,-0.15358746544088875,0
LYV,-0.04471945264915189,0.017481415688175128,2629563.565891473,0.5,0.044789727622785325,0.13070592349183285,-0.1978508323369219,3
MA,-0.04551035216103738,0.01215447262286803,2691951.9379844964,0.5390625,-0.02966844838266869,0.05545251229992543,-0.08716498164424935,1
MAA,-0.1551094299407454,0.011237650010180891,935624.8062015504,0.4609375,-0.040790588972913544,-0.07480417077877466,-0.05094910795928853,3
MAR,0.053546893296463116,0.014510891568214127,1435613.953488372,0.4609375,0.006291479484555662,-0.011145679215947668,0.09032632906067817,3
MAS,-0.07512375435483609,0.016926314010556134,2236944.96124031,0.4453125,-0.020063433036053402,0.11762491449417678,-0.15751651268371536,3
MCD,0.009835213549480581,0.009740350405780758,3300168.2170542637,0.515625,-0.022454491334892412,0.015453826780345903,0.006754754731115087,3
MCHP,-0.10523629849979632,0.024072195500905638,8414327.906976745,0.46875,0.2367023715787615,-0.12655840069713287,-0.18698691798899458,0
MCK,0.23692560293251574,0.014832731940055322,756664.3410852713,0.5703125,0.050077599205817336,-0.02252753728922774,0.2164712220256999,1
MCO,0.004643460808382516,0.013429774372614608,744334.1085271317,0.515625,0.04623056666987657,0.012912545622048022,-0.0630947080143871,3
MDLZ,-0.09163021072181099,0.013045202389417171,7626979.069767442,0.4921875,0.06926526937075983,-0.10171916771515244,-0.08773538287307103,3
MDT,0.15607990924230197,0.01147078426778657,7352065.116279069,0.578125,0.0744902584609004,0.052049702048388324,0.02132897163097236,1
MET,-0.0017033267219295212,0.013325516323935915,3189542.6356589147,0.5625,-0.04202627212220644,0.025891252513835283,0.006710555950241837,1
META,-0.0743438134625437,0.020317390968022243,13680594.57364341,0.4921875,0.06686914424993606,0.1106200284740273,-0.21379959284531458,3
MGM,-0.07095849751357053,0.02119931763189507,4828877.519379845,0.4296875,0.06723886760577713,-0.05882350552100524,-0.07990931203358054,3
MHK,-0.0027969704063290912,0.02215693514872211,797565.1162790698,0.4765625,0.015569626474780884,0.22939329683110965,-0.1852528939744288,3
MKC,-0.1003371844129668,0.014133101934340407,2496734.108527132,0.4765625,-0.02379013435369448,-0.06427777400495005,-0.015373198051796821,3
MLM,0.10551765941531532,0.01275248316487828,391568.2170542636,0.5390625,0.011329321883339016,0.10394718013177351,-0.021732355700343597,1
MMC,-0.17117347718821074,0.012798137782546445,2489856.589147287,0.484375,-0.047323689662314594,-0.06331495014774446,-0.069751500955473,3
MMM,0.1489436958614052,0.015622492976717861,3197907.7519379845,0.5390625,0.07067665397330214,-0.01142401571731444,0.08468730898259458,1
MNST,0.16901635341956966,0.014617764644028995,5748280.620155038,0.5625,-0.03852456514952618,0.11964805366838105,0.07200843591784256,1
MO,0.06792668193373763,0.012955055058435815,8434673.643410852,0.5546875,0.0630430020482502,0.1358639409046356,-0.11173871578113026,1
MOH,-0.5586291141734674,0.03740194714714566,1384867.441860465,0.4765625,-0.30665553897675146,-0.13610772607959765,-0.21994108681482138,0
MOS,-0.21658352986093332,0.02286601024848675,5220464.341085271,0.46875,0.06097106986004075,-0.03456608228017988,-0.23741219691386972,3
MPC,0.23674507756002994,0.01579814480284396,2098091.472868217,0.625,0.060093995686737234,0.056488930920610914,0.08284602370879468,1
MPWR,0.2580620558230875,0.027427381397088505,578510.0775193798,0.453125,-0.025512643169045446,0.20103148435036533,0.050306459118813374,0
MRK,0.2900150384413407,0.016864082015985677,13307764.341085272,0.546875,0.1331879695011342,0.004551118924244868,0.1451811543986743,1
MRNA,0.03122397942159849,0.03613412370890939,10920794.57364341,0.46875,0.33472109751474544,-0.22857144211072644,-0.00919998168945313,0
MS,0.26681085325326404,0.012465009207403576,5418478.294573643,0.5859375,0.066773552228925,0.11350225890288823,0.04731314341432702,1
MSCI,0.006961521212118571,0.01762250284017323,650991.472868217,0.5234375,0.012964411351583882,-0.019563025452069338,-0.02023728677975767,3
MSFT,0.13029726121478857,0.010188106666511593,20396575.96899225,0.5625,0.11835615823371137,-0.00356299127107762,0.0003137203748011519,1
MSI,-0.08032422391922156,0.012326373559680153,958304.6511627907,0.515625,0.005277993374237511,0.13509743981658384,-0.20481321307336375,3
MTB,0.023481600176953554,0.013204595400035987,1118121.7054263565,0.5,0.04607960188116755,0.0058457222278287535,-0.058610267028800234,3
MTCH,0.11012022792732923,0.01956401461538984,4163622.480620155,0.5234375,0.10200016923348376,0.15734163749507357,-0.13654133806986868,1
MTD,0.2552042677266819,0.018072964638931578,158140.3100775194,0.5234375,0.05939282087123643,0.0584068067297423,0.10135325997386047,1
MU,1.5935486798294916,0.030150411653148624,23132998.4496124,0.6171875,0.22261428408120354,0.40226035129325277,0.5437500232618218,2
NCLH,-0.05915635735274538,0.02829808322721959,15457362.015503876,0.4765625,0.18569951665785434,0.08389828433185031,-0.2793537620048173,0
NDAQ,0.08065729716709913,0.011866806382161922,3389964.3410852714,0.5859375,0.10186909331018335,0.031699133899959486,-0.06466161913783253,1
NDSN,0.15329441069698935,0.014306966632908428,350925.5813953488,0.53125,0.06293837067529173,0.043646860014833866,0.02964588133118795,1
NEE,0.1803934330200383,0.016551613208182585,10723066.666666666,0.5546875,0.04411970907807228,-0.06397993614073827,0.19300242022502534,1
NEM,0.818833147455972,0.025381105403837135,11609885.27131783,0.625,0.20681547866232464,0.36718059260765057,0.11577075012972582,1
NFLX,-0.03372745365052798,0.01746010553400669,34258703.1007752,0.4921875,0.0862909259925062,-0.057810161321004805,-0.09469268009734078,3
NI,0.1471323515379701,0.011703708277996725,4318534.883720931,0.5546875,0.05966208547883567,-0.014637491578009643,0.08979783245240647,1
NKE,0.051873446626416575,0.02321343838398953,14936825.581395349,0.4765625,0.1757516425654515,0.0020288601068012557,-0.11257087075756689,0
NOC,0.23356422732393,0.013828689711254966,784553.4883720931,0.546875,0.14439699940583695,0.11035462041535271,-0.03306303549733425,1
NOW,-0.17178274949834804,0.016733427956335235,1464554.2635658914,0.453125,-0.05828672865407014,-0.02829590153533801,-0.1051590464291573,3
NRG,0.0795851463717061,0.024374151192890346,2763075.19379845,0.484375,-0.057538393665785614,0.1172024271968437,0.006282683483200602,0
NSC,0.18889624166895214,0.010288814956628641,1753599.2248062016,0.5625,0.07936000533539689,0.035717858735217156,0.026422830140603537,1
NTAP,0.10837684311967388,0.01631184755283019,1993817.054263566,0.5,0.05033396909700216,0.15030301662004586,-0.11300815064265946,3
NTRS,0.21337783114931907,0.016063424160402472,1508193.7984496125,0.5390625,0.18145901725713487,0.02355961693947206,-0.01598955057057805,1
NUE,0.2724444502545469,0.020947273827593097,1860610.0775193798,0.5078125,0.18163127580591576,0.015488450414774979,0.03907360764988432,1
NVDA,0.40530466956966693,0.019841128380454667,184852393.7984496,0.5625,0.26630637379875743,0.010924056431064422,0.11674206158085143,2
NVR,0.014553037072037478,0.01650519910055547,19916.279069767443,0.484375,0.02909067821388689,0.10375161748395123,-0.1063520887914351,3
NWS,-0.09874243425184581,0.014743372392973733,992994.5736434108,0.484375,0.04680842897617565,-0.055100786012764136,-0.1082956830977504,3
NWSA,-0.0718362748372815,0.014123396984488409,3639042.6356589147,0.4609375,0.05695079668994674,-0.011223101137445846,-0.13496526581171842,3
NXPI,-0.05866792924370223,0.021463083018931704,2549382.9457364343,0.4609375,0.048636665304154114,-0.01563468419235292,-0.11172199447619335,3
O,0.07096657858573052,0.009859988234296334,5444965.891472869,0.5078125,0.051132759965711205,0.07427264855750115,-0.0400158164415948,3
ODFL,-0.2265331889012342,0.0205782224874533,1920299.2248062016,0.4609375,-0.061423283056284084,-0.09205981579800915,-0.06700049686037401,3
OKE,-0.16291397604547586,0.013925659209683312,3764451.9379844964,0.484375,-0.08590227747187884,-0.09524835674361742,-0.01742288229810318,3
OMC,-0.03181551407448857,0.018261542139094606,3877602.3255813955,0.484375,-0.016290128984826513,0.09502418422116721,-0.057049545747234975,3
ON,0.0380530393135774,0.03251464669391814,9007948.837209303,0.453125,0.3168141471927921,-0.16579697861335974,-0.05783134763528219,0
ORCL,0.3728817303499241,0.042877153568006206,18769889.14728682,0.53125,0.4839689125395623,0.2327638241966139,-0.2593585694517965,0
ORLY,0.11787466703083416,0.012424729017131084,4982131.007751938,0.5390625,0.03233683280782795,0.15067151002875168,-0.05499760719426705,1
OTIS,-0.06289368555927821,0.015129070597316373,2815269.7674418604,0.5390625,0.049276350278697034,-0.11308920895018759,-0.005092852639642764,1
OXY,-0.013498429724391192,0.01880972542496414,10749319.379844962,0.5,-0.021726612310239313,0.10253236422006862,-0.09387583034741698,3
PANW,0.07517028057788666,0.019072781626306656,6528539.534883721,0.5703125,0.008852815586377849,0.025779486397304208,0.010486436264355081,1
PAYC,-0.35219244457376586,0.020214770925769007,658709.3023255814,0.484375,-0.13084096022354363,-0.049205373527286156,-0.2263773183883937,3
PAYX,-0.24977296360892332,0.014635139785241292,2541613.9534883723,0.4609375,-0.06420628966116149,-0.07447571110488316,-0.14552718666719233,3
PCAR,0.016675884704419053,0.015461888368708165,2787543.410852713,0.4453125,0.007818291702857305,0.09727090887442946,-0.049049157085374495,3
PCG,-0.028362393084010895,0.01860868629876347,25147260.465116277,0.5,-0.22586266112556774,0.1274510058182976,0.09459372801168842,3
PEG,0.08884786741131068,0.01198131688264839,2794095.3488372094,0.5703125,0.07155617141254944,-0.010717223572985213,0.029963894362434296,1
PEP,0.15914954860910702,0.014084428351744461,8638165.891472869,0.46875,0.06527947623036834,-0.027779099097075766,0.03271267093209773,3
PFE,0.1780789110210237,0.016657716206833952,52921682.94573643,0.5078125,0.11762033862560628,-0.010886892168334494,0.06034384800507464,2
PFG,0.06293570140936522,0.013226670445209183,1196314.7286821706,0.5546875,-0.0053491193974869455,-0.0011513221745792501,0.04464507275664564,1
PG,-0.05252778671954972,0.009444278758485037,7748980.620155038,0.4765625,-0.027148492417246817,0.022560573777149262,-0.0725214242861606,3
PGR,-0.18985230641327477,0.013926663001835385,3437509.302325581,0.4765625,-0.11365127835427102,-0.009301595109476701,-0.07527852907248922,3
PH,0.23846741773045776,0.014370513629663252,619710.8527131783,0.5546875,0.05247400572665395,0.04504839317304121,0.128976454583291,1
PHM,0.1642041904766478,0.021088631135485657,2112897.6744186045,0.4921875,0.07314589799990867,0.22702025107659507,-0.11730054169267634,3
PKG,0.04040227032101251,0.014886842729078207,746532.5581395349,0.515625,0.0624167628518153,0.0517493477459241,-0.07006790117905226,3
PLD,0.16271617975374442,0.01464089488087486,3689460.465116279,0.5234375,0.03365812972081583,0.08096274358590305,0.07849681701042144,1
PLTR,0.3366876962438856,0.031166105643561755,68014638.75968993,0.5625,0.15924114420529345,0.10565613632888748,0.033743198562321775,2
PM,-0.03632441982979162,0.015467116164793878,5998962.790697674,0.5546875,0.12570754223872593,-0.09047272203361245,-0.05658144070951865,1
PNC,0.053088164090038026,0.01236113150604551,1987744.1860465116,0.515625,0.09988581763100157,0.025256403729097432,-0.08878290994275817,3
PNR,0.07853185029711263,0.013066455768798604,1333259.6899224806,0.4921875,0.07913150165856497,0.0428370479812521,-0.04470902021273193,3
PNW,0.021505529932950962,0.009996893517539608,1159633.3333333333,0.484375,0.029558310735007254,-0.05235561087399698,0.037139787088961596,3
PODD,0.03512650015956198,0.016716952461178228,663201.550387597,0.5546875,-0.10310822398445574,0.17174101456811885,0.032524396209501205,1
POOL,-0.20576787735503688,0.01890732284043068,624858.1395348837,0.3984375,-0.049095134507519234,0.10279253371004482,-0.246847019117595,3
PPG,-0.11879336946872543,0.015201402263291442,1820296.899224806,0.484375,0.034924365946924274,-0.059781302427249106,-0.09573478788413126,3
PPL,0.11406876987269099,0.009365063571135281,5482390.697674419,0.53125,0.05743659323214878,0.004303715727637103,0.032294234525998444,1
PRU,0.033750532858216165,0.012975321382042658,1615382.1705426357,0.5625,-0.026580940279841925,0.0031998383971465483,0.04028736472008343,1
PSA,-0.06133209667067219,0.012913676503632789,848321.7054263566,0.453125,-0.03272142554617097,0.01489458972509694,-0.03473760232136802,3
PSKY,0.3368524862561715,0.04716893170565666,11907399.2248062,0.5,0.10285952450781144,0.3583286772470977,-0.12499998669539192,0
PSX,0.16366464602306507,0.01679070482409661,2743108.527131783,0.5859375,0.001296837485658786,0.07327409440245236,0.06895003737910521,1
PTC,0.04747185706945478,0.022738018415488673,962981.3953488372,0.5078125,0.13250131835865364,0.04035531445808216,-0.1194724758683644,0
PWR,0.25168932611408157,0.017579392733236266,1067974.4186046512,0.546875,0.1342647557496437,-0.0494093665011639,0.14200044925675792,1
PYPL,-0.13580075523447532,0.021767032264061643,12495843.410852714,0.515625,0.003990106140749239,-0.09490931598026564,-0.08466920927922017,3
QCOM,0.15061538801540642,0.020515216456596187,8804702.325581396,0.53125,0.013174913332631544,0.08167289333759942,0.05276534860554172,1
RCL,0.011897795934417532,0.022626164224107546,2170258.1395348837,0.515625,0.3533295455551564,-0.07692750918396885,-0.21488969050274553,0
REG,-0.017095044030991158,0.010301369224179237,1129020.1550387596,0.453125,-0.02894501161160401,0.016810778791874315,-0.0024370096492808413,3
REGN,0.21740958414928424,0.02671483362244764,1115214.7286821706,0.5390625,-0.039590681890772306,0.04715123181474756,0.18445772843723307,0
RF,0.13641728418369348,0.015377611198008151,18499604.651162792,0.53125,0.08574399516054099,0.09422605159166242,-0.07315266239802098,1
RJF,0.049423920584378944,0.013294550636244191,1111053.488372093,0.5625,0.029375919094559277,0.06013297248624072,-0.06396698190413197,1
RL,0.23760290582006016,0.017499022130636747,664416.2790697674,0.515625,0.059705400489688865,0.09921049147905237,0.0861172373464909,1
RMD,-0.005819959120600182,0.012148669804217156,990379.8449612403,0.484375,0.029393874593399705,0.06531677813725256,-0.09815068587227627,3
ROK,0.23623094791908517,0.013926293861033487,857649.6124031008,0.5546875,0.1483611666619482,-0.03622830967668311,0.09420878801050381,1
ROL,0.06563221418852638,0.01356211116127689,1896977.519379845,0.5078125,0.012736526235758161,-0.0068883369540297945,0.04029844835456631,3
ROP,-0.20326586426454496,0.011880017427536896,775524.8062015504,0.4765625,-0.035187772590346,-0.08036971061673981,-0.11655746403828626,3
ROST,0.07175256438471611,0.01552705669755006,2913248.8372093025,0.515625,-0.14065541071146503,0.1254013701225849,0.09491339029975521,3
RSG,-0.11421690115620209,0.01101189174251108,1308117.8294573643,0.484375,0.016186316909080567,-0.061789570923454384,-0.07023249507795315,3
RTX,0.35516645790602186,0.014058125640077015,4875717.054263566,0.578125,0.15402978711125326,0.0513426782427977,0.10902665676080714,1
RVTY,0.020293626272375853,0.02256787451354869,1264426.3565891474,0.5078125,0.04262804009012999,-0.1071092023543323,0.0867679199292053,0
SBAC,-0.10093376079776795,0.013542357161203847,974818.6046511628,0.46875,0.05515610134015203,-0.14037098686962546,-0.005408385845389274,3
SBUX,0.00024303340251075056,0.017070957976196323,9762437.984496124,0.4609375,0.07651096566712123,-0.08867168198146358,0.026105271905868976,3
SCHW,0.08908923589281059,0.01211703780345222,8504933.333333334,0.5703125,0.047039986281504076,-0.01947614250011842,0.027885941827035188,1
SHW,-0.048273175078755504,0.014527665687401242,1852610.8527131784,0.4453125,-0.030638876213137878,0.041379663635784825,-0.04926680458935606,3
SJM,0.019555088140226218,0.020765500580660876,1996889.9224806202,0.5390625,-0.014678396650118053,-0.03046668988009049,0.048002617442800544,1
SLB,0.04274752738321652,0.01890333337698941,15901567.441860465,0.4921875,-0.031340038823602034,0.024574718456852995,0.06179930021853064,3
SMCI,-0.19066670735677083,0.041075230157030095,36604960.46511628,0.5,0.18266669379340272,-0.14862559530972308,-0.18886421088529348,0
SNA,0.028470059255434776,0.01370106350420478,320724.03100775194,0.4609375,-0.030881062439351625,-0.00462897491473746,-0.004194658995506861,3
SNPS,-0.24693813159970812,0.042594176633403015,2279012.403100775,0.4765625,0.10342704060596075,-0.2768034597744743,-0.08361543919738335,0
SO,0.08559648434970657,0.008847605348928556,5368148.837209302,0.515625,0.108053605648464,-0.013346358270303393,-0.010258592602725991,3
SOLV,0.06353674882261307,0.015765021205663473,1025986.8217054263,0.4921875,0.026567323669719478,0.003655519101479321,0.021466234289673647,3
SPG,0.16226998485556088,0.0112317356764263,1569373.6434108526,0.515625,0.014947805842158601,0.1287614683991536,0.006444140695517131,1
SPGI,-0.031757865086731396,0.012900035454236155,1349768.2170542635,0.5,0.02616723978647606,0.03211805151457314,-0.09226242224214976,3
SRE,0.24856856402061767,0.012086862084164396,3732687.596899225,0.53125,0.013792355092830721,0.08402150163319089,0.1211643737354664,1
STE,0.14150814500759168,0.01548710513013906,623141.0852713179,0.515625,0.002882828837725171,0.10706641455875499,0.038667191750403784,1
STLD,0.17086586329277842,0.021699700841442494,1354118.6046511629,0.515625,-0.04309290363284046,0.06496384559642099,0.13972619356551186,0
STT,0.2131754218579336,0.014741318702369182,1904715.503875969,0.59375,0.0826531967028965,0.028005134418839228,0.05364529597105738,1
STX,1.4755142854028986,0.03250055326213511,4283585.271317829,0.5859375,0.4060388063000644,0.4389994229663161,0.21402270277444457,2
STZ,-0.2989222311332057,0.01708979880115761,2463607.7519379845,0.421875,-0.09980727593995531,-0.2102038526768909,-0.021544418334458304,3
SW,-0.25006463652498034,0.02210943863277871,4235830.23255814,0.484375,-0.0066953344985012375,-0.029495139547944027,-0.22138964117419913,3
SWK,-0.06409511931407907,0.0226146330901318,2159329.4573643412,0.4765625,-0.02013817655714556,0.11111471845318532,-0.1602711528573293,3
SWKS,-0.05998325512778058,0.020394004339620672,2919153.488372093,0.4765625,0.019000530344023714,0.03757509307141271,-0.10592025259657012,3
SYF,0.20637790149310486,0.016375142050546476,3364755.03875969,0.5234375,0.1342062945384621,0.06645211523602002,-0.01910763852981623,1
SYK,-0.05823921127501708,0.011732416848035717,1339825.5813953488,0.484375,0.013941984858322432,-0.03157630223991681,-0.03671069843602581,3
SYY,0.06458671008917838,0.0114452658207903,2974016.2790697673,0.515625,0.0943501414011132,0.04646380099662939,-0.08807120286657599,3
T,-0.011953374819931084,0.01223678814117406,38853448.0620155,0.53125,0.029473792428412526,0.08669874186158633,-0.12439061861029777,1
TAP,-0.14740953685317226,0.014782685450130126,2607571.3178294576,0.46875,-0.09651540696913008,-0.04884998997862622,-0.008962910332310225,3
TDG,0.029896090374918804,0.01619770403079556,308959.6899224806,0.5859375,0.13183683141991942,-0.1412862356042861,0.050659908325762615,1
TDY,0.020606434274638374,0.011768177403787737,342360.4651162791,0.5078125,0.09967219903295232,-0.007370295379584113,-0.09011197663851589,3
TECH,0.24458235548843632,0.026093000376675817,2303180.620155039,0.5078125,0.08387862378285105,-0.02688309527347965,0.1525621222925886,0
TEL,0.48822279396082524,0.015499549211355866,1779065.1162790698,0.625,0.10210375629965784,0.20056363956025747,0.10990038721772621,1
TER,1.0220709285259817,0.03638186481556695,3706181.395348837,0.515625,0.09315257357112317,0.228929174070565,0.4867914772081514,0
TFC,0.11419003453958987,0.014088720899723708,7828840.310077519,0.5,0.07591565916327125,0.0021638219420676563,1.2755503361994158e-05,3
TGT,-0.034007705723284265,0.0189581048778256,7310673.643410853,0.5,0.06382528709549606,-0.12500724238633998,0.023649970224482564,3
TJX,0.12339036631201461,0.010147509071661582,5066592.2480620155,0.5,-0.0724250378726985,0.14589243786410244,0.0461422714298827,3
TKO,0.14181032137105976,0.0181681872741826,1081102.3255813953,0.5234375,0.045083372491455,0.1871552817545965,-0.08585762302957178,1
TMO,0.4279765378095626,0.019868462302109265,2414234.108527132,0.546875,0.026330467541216374,0.1322216116933097,0.2244202861306961,1
TMUS,-0.07500557504189276,0.01439795648142422,4515773.643410853,0.4921875,-0.024249766579821697,0.05033473439440583,-0.09759864445619093,3
TPL,-0.2703146395323144,0.02444555586546582,141305.42635658916,0.4921875,-0.29720104697804905,-0.05537429196284005,0.12009860286315699,0
TPR,0.22803891545746846,0.026521397682250078,3627920.930232558,0.578125,0.21446961507223317,0.07591496990824598,-0.0770840353387896,1
TRGP,0.039846850059168215,0.01788909199861574,1607025.5813953488,0.5078125,-0.015363575282985487,-0.015380924049093747,0.04642095387422107,3
TRMB,0.0882559451634164,0.01486586012755189,1460644.1860465116,0.5625,0.131892829642688,-0.0137770946070076,-0.02611755207176769,1
TROW,0.07233030038516608,0.014313238300278088,1525921.7054263565,0.5,0.07328981752847197,-0.013703147409580785,-0.029944682160706226,3
TRV,0.1030112912584138,0.01261699431342542,1230589.9224806202,0.4921875,-0.03564400994335626,0.042924260447549045,0.044576990946588735,3
TSCO,0.08763692860678085,0.01468539520514012,5253781.395348838,0.53125,0.09569896634955688,0.04189764081447356,-0.062267350256991705,1
TSLA,0.16299474983186713,0.03350762745900289,95693321.70542635,0.53125,-0.07481011216052835,0.3199962126521305,-0.05050951013932348,2
TSN,0.008346298824390974,0.012122107201620401,2783449.612403101,0.4921875,-0.007117231554477965,0.015718681198326534,-0.002586832823567531,3
TT,0.000881798980949533,0.014518597014460611,1260821.7054263565,0.4921875,0.04354846662154932,-0.10922513859578198,0.04812515695372199,3
TTD,-0.4701794209179606,0.04346706853560248,13431508.527131783,0.53125,0.025145285306001908,-0.44873527613086284,-0.07582099862672576,0
TTWO,0.024095855247481035,0.015932812604512132,1892138.7596899224,0.4921875,0.040217846307359695,0.05903726772697593,-0.06183141157988081,3
TXN,-0.13572083169309423,0.01998001995007033,7141811.627906977,0.515625,0.15640017706305098,-0.17395118681703703,-0.10841852090994186,3
TXT,0.07379868494794573,0.014231471463309543,1452600.7751937984,0.5390625,0.11902189324382006,-0.022372365861955346,-0.024059943003229,1
TYL,-0.16790032980705072,0.015948984368091848,330068.2170542636,0.4453125,-0.005925297312889266,-0.047375594898650286,-0.12815539283458788,3
UAL,0.20306369602884167,0.02925835616781734,6486455.03875969,0.515625,0.12001523754036958,0.142293307978965,-0.09932710780729803,0
UBER,0.013383464610783768,0.018740098862427428,18409202.325581394,0.4765625,0.003760605288340546,0.08099449537076997,-0.014308706243430502,3
UDR,-0.13842877127201902,0.011785971026847978,2483782.1705426355,0.4609375,-0.0016017125369047758,-0.08193891628311134,-0.05933225206488624,3
UHS,0.2006872993236506,0.01796153482634386,780222.480620155,0.5859375,-0.09248198487212034,0.09158973863696329,0.20091783990135492,1
ULTA,0.2867422348498898,0.01911507987902622,696972.0930232558,0.53125,0.1791530478260548,0.07170407109853927,0.0010212539239153884,1
UNH,0.05902338611694069,0.027597388964051537,16119010.07751938,0.515625,-0.0436468887126088,0.18694627964417765,-0.05781446926873235,0
UNP,-0.011244377811094663,0.011118718850982723,3895249.612403101,0.5078125,0.01857157334156656,-0.044577934476555225,0.026937450627801063,3
UPS,-0.0024931543909820775,0.017892376093708143,7194586.046511628,0.515625,0.016248598329143604,-0.12754746450625953,0.14017584947706752,3
URI,0.17391817557809985,0.01874934871944185,520879.8449612403,0.5703125,0.11932434673019321,0.1759468112307676,-0.10228703247606363,1
USB,0.08820281373152294,0.012793666466481274,9588741.085271318,0.515625,0.044192626721125006,0.0703384598643002,-0.04040919181616387,3
V,-0.07070766356097502,0.012254401556025741,6164496.899224807,0.5,-0.018403160838002197,-0.02624761160858924,-0.04484785886695608,3
VICI,0.0033112190394211094,0.009850557415669542,7448122.480620155,0.5078125,0.07647962930886476,-0.006090123222963206,-0.05567643011705492,3
VLO,0.375821063911719,0.0187850387393014,2799175.968992248,0.5546875,0.07508003604538427,0.1334032877364324,0.11052725936501573,1
VLTO,-0.004712882247128958,0.009802590289580288,1280843.4108527133,0.4921875,0.011658133849914432,0.03456982949368714,-0.0736039314312078,3
VMC,0.05900643475145895,0.01259424676805293,948156.5891472868,0.546875,-0.01963471713413112,0.11191471581154011,-0.03829138038611457,1
VRSK,-0.28130421227882196,0.016745870058563803,1148662.015503876,0.46875,0.0021337383893251793,-0.16634847284645604,-0.13556812756833958,3
VRSN,-0.07995228757495043,0.0165020698929903,846675.1937984496,0.5546875,0.027649934341565263,0.02648804701188645,-0.12124260855151847,1
VRTX,0.03796654500744934,0.023053625983126155,1576199.2248062016,0.53125,0.11489691259876156,-0.15522266792029815,0.12914891072778611,0
VST,0.13171988349155628,0.027641102092330807,4821730.23255814,0.484375,0.19159361823170307,0.15071426323310022,-0.1604912561102514,0
VTR,0.24174783300852232,0.011079277363223918,2946184.496124031,0.53125,0.035516791583976026,0.04130339330928279,0.16639186671236272,1
VTRS,0.3060516897739818,0.0203326360408349,10703373.643410852,0.5625,0.09382717139552721,0.0429917850920567,0.11434515535919876,1
VZ,0.0021518509204534464,0.011767427842938143,21072808.527131785,0.4765625,-0.010224922980924256,0.06813187729511627,-0.05528574850312018,3
WAB,0.004441485825599223,0.01322228058722859,1028193.7984496125,0.5,0.03938389510054363,-0.11663554921116337,0.09973321549390968,3
WAT,0.09850016947337425,0.02266830418254976,712393.023255814,0.5234375,-0.16161910514524014,0.020746237592470296,0.2493414220460164,0
WBD,1.500542952362363,0.03981117023166552,55432561.24031008,0.53125,0.36590660929433816,0.4213395469720247,0.2801556964785934,2
WDAY,-0.14879966111838805,0.020971900503598623,2802786.0465116277,0.5078125,-0.16388249253097598,-0.0514530941756548,-0.017285411589715305,3
WDC,2.217645502063261,0.029633118564991262,8069268.217054264,0.65625,0.35475527566178067,0.5399881767416426,0.5636021202067241,2
WEC,0.10309141135584121,0.00946138541475976,2125990.697674419,0.5390625,0.03804773723098265,0.03182746757551591,0.02383300236927144,1
WELL,0.36288386334839795,0.011839212920571598,2950788.3720930233,0.625,0.0986751080811421,0.052723490815953955,0.1727854284998338,1
WFC,0.12741793112152844,0.0156734535881721,15718006.201550387,0.546875,0.047587975151580864,0.027074814222862065,0.03658051582640098,1
WM,-0.05297840854066682,0.011133057370711547,1704563.5658914729,0.4765625,0.01875989333078376,-0.048811516562723756,-0.030093690916060734,3
WMB,0.0657138396875574,0.014512282780848994,7417262.015503876,0.5078125,0.01324349913186662,0.006068566530053943,0.03337853618135611,3
WMT,0.060821609132367005,0.011481175543443757,16402745.736434108,0.4765625,-0.01735000625487293,0.09014151086408728,-0.017166906528828796,3
WRB,0.09428718979926032,0.011661763599590159,2136558.914728682,0.5625,-0.03522738250789692,0.04829002944730032,0.054500595188154755,1
WSM,0.0697804130976809,0.02100119215504719,1366389.9224806202,0.5,-0.03851530906369227,0.1564232827323897,-0.0698146012695956,3
WST,0.2665574112091129,0.028481391614288983,678560.4651162791,0.4375,0.08558705681458778,0.16686073194313522,0.019199655928760828,0
WTW,0.0679277566462988,0.011622963673488786,621157.3643410853,0.515625,0.016983153226762582,0.07835272284636718,-0.02807933916927674,3
WY,-0.13559058624985854,0.015826909703232955,4660394.573643411,0.453125,0.0034807353738897095,-0.020892773745632587,-0.09636588944091318,3
WYNN,0.244401271899352,0.022860844703224064,1967013.1782945737,0.4765625,0.1296714522135365,0.1052291630201887,-0.020684583449164684,0
XEL,0.19021591223728818,0.011523696190936739,4109365.891472868,0.546875,0.013743772845951518,0.04342783347241497,0.1183899849826413,1
XOM,0.1299015659848557,0.012222071803033734,15753296.124031007,0.578125,0.044097048410388195,0.03660340890149971,0.04374515404099988,1
XYL,0.14454330669448634,0.013468064980218887,1198902.3255813953,0.546875,0.04293747524518077,0.06530486875828023,0.01234123105597984,1
XYZ,0.033846146021133894,0.02599491298720829,8625627.131782945,0.515625,0.1799999791332798,0.07139820702225697,-0.20116232632949327,0
YUM,0.03663504062982459,0.013765933962561639,1961340.3100775194,0.5,0.011689586122968443,0.004379308548867034,0.005126195830190472,3
ZBH,-0.05209460936644106,0.020159895401590654,1821713.1782945737,0.515625,-0.009080831270568357,0.04446784981542273,-0.09797736379131239,3
ZBRA,-0.19617734357051098,0.02469385816357534,559617.0542635659,0.484375,0.0674976207056579,-0.034828707023196626,-0.2419009453986184,0
ZTS,-0.21478117222432735,0.017500313421282675,3197166.6666666665,0.5078125,-0.021817673716955865,-0.013843293726598316,-0.1748404404764088,3
