Ticker,return_6m,volatility,early_return,mid_return,late_return,cluster,prev_cluster,label,pred_prob
A,18512.28491640763,5625.937842975817,-0.0691935518342972,-0.006657073876298547,19334.046673653134,0,0.0,0,0.0
AAPL,201039.23973266897,95420.40192113908,-0.07239585291036199,-0.020147921481626474,212552.47460898498,0,2.0,0,0.0
ABBV,38789.049165332835,12377.16439953041,0.26719060651571724,-0.08882014048683928,32897.468069161856,0,0.0,0,0.0
ABNB,41938.63157279916,14825.233107014872,-0.06725167732400172,0.08185688070448505,39337.68082115308,0,0.0,0,0.0
ABT,58816.00538964022,19021.91749031122,0.07488516595223116,0.0013430697451102258,53561.06049249543,0,0.0,0,0.0
ACGL,15128.923171889592,8019.473871067669,-0.05547540417184216,-0.047404021182210876,16375.116350312172,0,2.0,0,0.0
ACN,9598.105768730491,5152.889927757346,-0.1586038071650736,-0.054659469015923445,11472.539518900343,0,0.0,0,0.0
ADBE,6575.444787445509,3955.8035271646,-0.23434965320018186,-0.04460693696595708,8782.657546399385,0,2.0,0,0.0
ADI,19177.141769685342,6567.762700407181,-0.03166359722304701,0.11618078093415618,17067.097148252647,0,2.0,0,0.0
ADM,65354.07091276657,25999.06305124638,-0.1096030057370816,0.20948651357380177,59240.25066314089,2,0.0,0,0.0
ADP,6961.244259255831,2223.715936961279,-0.006966764796497493,0.03412748663782472,6705.355034480028,0,0.0,0,0.0
ADSK,5052.137102081783,1982.2071380392551,-0.1311040463046803,0.12146957862136687,5046.288461660727,0,0.0,0,0.0
AEE,21742.3630105464,6126.062179382213,0.07838107963680496,0.008465700504038498,19336.942870650735,0,2.0,0,0.0
AEP,33476.91355517518,11863.635912712372,0.09209849090158628,0.030110606157264685,28770.45029648928,0,2.0,0,0.0
AES,613418.7236216723,508875.9596584344,-0.057331082282322865,0.07742886791414905,582194.8069078514,0,2.0,0,0.0
AFL,20540.837553170728,7473.98852098573,-0.033227344801527,-0.049272841526542654,21965.990256794772,0,2.0,0,0.0
AIG,32428.638984707693,20832.42971344462,0.09353148890878304,-0.04834848859479901,30059.86583098817,0,0.0,0,0.0
AIZ,947.6488896915931,1050.6380834248507,-0.06399633555440998,-0.1115540191078549,1098.1502144162685,0,0.0,0,0.0
AJG,6230.672923595403,2030.3450141912874,0.12860587756501451,-0.07062126622056031,5798.125832777276,0,2.0,0,0.0
AKAM,42829.38668232189,13596.976705544608,-0.06642623482186705,-0.00908864996820613,45379.255449779295,0,0.0,0,0.0
ALB,44390.149844905136,18785.825688480283,-0.2708832424904206,0.020119007674239908,55298.63826925506,0,0.0,0,0.0
ALGN,6930.274651175046,4164.959486065938,-0.2899521103655832,0.204662192736204,7760.811867086361,2,0.0,0,0.0
ALL,7684.997517213056,3131.513534214236,0.03743389905757133,-0.058579776874229994,7633.586455906804,0,2.0,0,0.0
ALLE,7610.992267663421,2324.943792970193,-0.08694057127871291,0.2154216593511722,6749.986288117356,2,0.0,0,0.0
AMAT,71997.96302432935,16922.65561964492,-0.12315090743273327,0.23228698196945952,64416.46876338851,2,2.0,0,0.0
AMCR,2763905.756516617,1329100.4382061278,-0.06565830985762144,0.029888095308425955,2739207.015743661,3,2.0,0,0.0
AMD,327467.5265849789,129940.70300863728,-0.24904622953138733,0.4792540223448427,285324.81292408454,2,0.0,0,0.0
AME,8433.67465909265,2752.8008696046118,-0.10349709990336664,0.03383322239309483,8926.435333700067,0,0.0,0,0.0
AMGN,10906.77136892436,4118.932631856791,0.12524698750272,-0.01433634626592295,9659.601869038723,0,2.0,0,0.0
AMP,1627.6264488498803,381.90832031365596,-0.14257166003693633,0.0888239137048179,1694.2953812904912,0,0.0,0,0.0
AMT,17873.277296998713,4971.750073878537,0.07890259186519688,0.06507143911368596,14911.862691585009,0,2.0,0,0.0
AMZN,299771.93462981854,78677.14583380455,-0.04551310270042763,0.15889124788137998,264277.1667657175,0,2.0,0,0.0
ANET,135578.1287675065,37846.5540253647,-0.12813453468375013,0.3482825125606557,110740.68857563597,2,2.0,0,0.0
AON,3707.100318629369,1283.949647871272,0.024018440197862923,-0.0935903843318111,3931.0807003291447,0,0.0,0,0.0
AOS,17788.119029514182,8686.206564089736,-0.08212726377894009,0.07369009073054,17628.015795523756,0,0.0,0,0.0
APA,284183.21522237104,151624.1444187544,-0.08968515927472198,-0.041636454174770354,316308.13018412027,0,0.0,0,0.0
APD,3151.84481611646,1722.602712127304,-0.11825806245128145,0.0340894634403599,3375.6817972496015,0,2.0,0,0.0
APH,116832.2649678258,35672.98020348907,-0.0705541272195187,0.5046721156183895,74514.60705630561,2,2.0,0,0.0
APO,17635.872453158267,10305.380510310688,-0.13801490867400945,0.05205206754062863,18890.475322659888,0,2.0,0,0.0
APP,13161.75167785235,8558.450184677704,-0.0062751513999580455,0.14860280945257975,10784.58094752517,0,2.0,0,0.0
APTV,65146.032055471245,16811.78521287405,0.15898313818381027,0.1487221312287581,47408.912819710655,0,0.0,0,0.0
ARE,32051.547662930996,10961.973554417462,-0.08082721154129036,-0.11791094137114178,38651.60095455901,0,0.0,0,0.0
ATO,6443.432893196825,2229.812067592336,0.018092005463198557,0.03896209562362718,5839.7486659309725,0,2.0,0,0.0
AVB,3356.851366896133,1533.117828808841,-0.08572140034448505,-0.020452016205942947,3668.0924829586015,0,2.0,0,0.0
AVGO,132263.88609405392,47527.66113419694,0.13744504280449865,0.4804899851448241,76536.60170377773,2,2.0,0,0.0
AVY,3177.697393809551,1491.7718234567433,-0.11949656528004893,0.02803392290251039,3367.8446490296337,0,0.0,0,0.0
AWK,13373.97997861564,3935.9525936667055,0.03057784979307443,-0.007078554856036812,12474.506616091146,0,2.0,0,0.0
AXON,1399.8333333333333,496.950915285688,-0.09276662190755214,0.25421486440661045,1152.0283091089202,2,0.0,0,0.0
AXP,14920.935944349145,3557.9481045000052,-0.06919037353637958,0.1474962016090231,13649.574092127872,0,2.0,0,0.0
AZO,31.428882929783157,12.535322495007298,0.12026477547932068,0.0425485201208744,26.213443179262832,0,0.0,0,0.0
BA,56872.568344359286,17620.262876187233,0.18697442182688873,0.2748282804087252,34777.76419181829,2,0.0,0,0.0
BAC,770803.6713902502,356480.3436141641,-0.09270450533795127,0.1351075207958221,732346.355382568,0,2.0,0,0.0
BALL,39635.825635557354,19143.052946607047,-0.16702400686925778,0.16904432519818546,39582.13351562439,0,0.0,0,0.0
BAX,302949.38583772496,111272.74525142886,0.00940994023204067,-0.14628333543241323,343061.4231298361,0,0.0,0,0.0
BBY,38363.80316356294,19190.530688679824,-0.18937324198203054,-0.04648990841455225,47551.294942928835,0,2.0,0,0.0
BDX,9594.643624262593,5407.889281149461,0.026617170908272092,-0.20577092662160756,11484.778340330711,0,0.0,0,0.0
BEN,304410.2141281994,88060.5615163467,-0.08584058498560698,0.2770502176558558,255332.45067181357,2,0.0,0,0.0
BF-B,96524.001372737,53238.69409391991,-0.13447797533413663,-0.11776949109302937,122801.53340425504,0,0.0,0,0.0
BG,15526.15445708995,8353.35669194618,-0.19638852599031287,0.055526174979617426,17770.67772654899,0,2.0,0,0.0
BIIB,14291.769185168698,4246.3849279448805,-0.11441058025133621,-0.07877336844278782,17198.238095238095,0,0.0,0,0.0
BK,48937.27518324906,15779.22509005805,0.056902793039512733,0.19143321282576564,38107.194518660996,2,2.0,0,0.0
BKNG,64.35470252251592,17.5047496161574,-0.10839783349514764,0.2370476806736732,55.53107515158229,2,2.0,0,0.0
BKR,212892.2652761404,66333.33922269593,0.0193401866144991,0.006298012685841403,201997.7087922277,0,2.0,0,0.0
BLDR,15219.975622822596,6025.1877269858105,-0.3026920936453179,0.060787411186638884,20067.772356304413,0,0.0,0,0.0
BLK,727.5239008817057,260.5358406111439,-0.09715286030380021,0.17772281026006564,669.7209024904156,2,0.0,0,0.0
BMY,269588.9541879534,109483.20060263044,0.0651497881932952,-0.18219945942891314,301059.5616902574,0,0.0,0,0.0
BR,3247.8119722257834,945.7244583871089,0.0249016130702584,0.039787118293450385,2964.2177663711705,0,0.0,0,0.0
BRK-B,11552.366918610098,3512.578924654005,0.10277417832941782,-0.08758699176747753,11260.223784774256,0,2.0,0,0.0
BRO,23855.939761351954,11687.27295052461,0.07539821299681249,-0.14200943359828466,25201.9453699753,0,2.0,0,0.0
BSX,111766.83130003704,28549.66023139548,0.09784418355016422,0.06693071422010388,92796.86830771714,0,2.0,0,0.0
BX,32386.703458683736,10183.189265240024,-0.1971332359863891,0.16051598901411324,33895.763703022945,0,2.0,0,0.0
BXP,15001.784036893452,8970.788899309446,-0.1283890829978256,0.06639164278623744,15652.432128373799,0,2.0,0,0.0
C,155833.19563398435,73672.00010755325,0.032754343467362945,0.3392055161604737,110363.60862830715,2,2.0,0,0.0
CAG,382447.04703272635,182527.35248688405,-0.02776270139908632,-0.2419077807804597,497739.1185733223,0,2.0,0,0.0
CAH,17570.373387159794,6387.780510885306,0.0995973181301455,0.1881846846063131,13203.983445382937,2,0.0,0,0.0
CARR,89056.27621486047,30770.57014389837,-0.11802378004321745,0.2096443292840804,80900.91374467441,2,2.0,0,0.0
CAT,5064.736277103102,2646.6077033856623,-0.14056884907570721,0.2835918750010886,4492.909406076827,2,0.0,0,0.0
CB,5048.90385951684,2362.8951485836374,0.010707672540699154,-0.0805329952344157,5287.450783322855,0,2.0,0,0.0
CBOE,3443.3479685378643,1440.1250827624415,0.04994558082649858,0.08012758691516009,2881.9345560065663,0,0.0,0,0.0
CBRE,10235.677611697569,4738.023062174449,-0.04371746063475035,0.1130521945928884,9369.731171139756,0,0.0,0,0.0
CCI,24569.235671873394,12941.698298444757,0.027176284677382645,0.032957163915106946,22230.48201127593,0,0.0,0,0.0
CCL,731112.8242619879,363918.73825932195,-0.191350489198734,0.42777514123282745,577864.2005074862,2,2.0,0,0.0
CDNS,6882.090722740849,2481.973922539911,-0.143614279693155,0.2229255535747805,6203.520605674688,2,0.0,0,0.0
CDW,6719.136369292716,3050.3322491299577,-0.06979794324747368,0.09211616899695829,6478.037366980927,0,0.0,0,0.0
CEG,13837.604990340864,5282.021174188916,-0.07526568334860295,0.45472688277810835,9253.613092615587,2,2.0,0,0.0
CF,23314.994720440605,11132.869956739549,-0.12474897098630655,0.22206927818028221,21375.977117136394,2,0.0,0,0.0
CFG,100228.99028928773,37940.76587575896,-0.12586329453373246,0.21801823153748878,91580.60411807429,2,2.0,0,0.0
CHD,22242.078134223888,8089.577375969073,-0.031071014508344486,-0.10810370557908977,24782.658274090772,0,0.0,0,0.0
CHRW,12125.277514092966,5062.344513252661,-0.09706472349447992,0.0096453882961538,12980.442258088287,0,2.0,0,0.0
CHTR,3426.094794169622,2205.3718552380124,-0.07526876862416854,0.09196884089700497,3280.1140619826706,0,2.0,0,0.0
CI,6472.402126607634,2669.317940710364,-0.011023049531268758,-0.05615437151082758,6752.75593981083,0,0.0,0,0.0
CINF,3581.671320926491,1573.3782869659474,-0.0506931973591791,0.041177578200468856,3521.459201672427,0,2.0,0,0.0
CL,63255.226753803436,23471.020311905348,-0.04354044446562133,-0.016834464527665682,66198.85538724983,0,2.0,0,0.0
CLX,17545.08696661668,4920.611223493625,-0.13996217568791136,-0.09994747775771506,22108.04770391266,0,0.0,0,0.0
CMCSA,705689.2042794795,286913.96075750125,-0.15387538580140925,-0.01177853796182593,823128.8414865597,0,0.0,0,0.0
CME,8030.8867229105335,3241.4806333432352,0.19615185805242752,0.03721707907078731,6269.084749595543,0,0.0,0,0.0
CMG,358341.11031953746,173496.1046045374,-0.18738310152069615,0.08377819204188386,397398.59428826935,0,0.0,0,0.0
CMI,3458.1227120231265,875.2113761107784,-0.11769158370328214,0.12761427726106134,3410.2548425566197,0,0.0,0,0.0
CMS,28215.42728301023,12632.364911113867,0.07434075838410559,-0.01171749745525208,25875.150398037353,0,2.0,0,0.0
CNC,136395.39215112609,147280.01939798027,-0.006119337058417829,-0.5081090218895756,271913.6031095793,0,0.0,0,0.0
CNP,162070.29980766776,50637.111014758164,0.15505566895238898,0.03190546527737337,130847.1119584486,0,2.0,0,0.0
COF,34224.715173787736,7833.799130133328,-0.059441815337855086,0.25583565360433447,26757.80285126751,2,2.0,0,0.0
COIN,33278.247343744064,15332.539588489457,-0.43532774674377417,1.0858326080768212,27023.855178205915,2,0.0,0,0.0
COO,28029.75900585649,11700.472847335286,-0.2092882890255059,-0.11376818177713655,37829.688300570204,0,0.0,0,0.0
COP,62540.23625659564,30430.418598001255,-0.10194840387232551,-0.06906698301882563,73444.26163599417,0,0.0,0,0.0
COR,8487.437132494812,2071.924631764262,0.09927327544706399,0.08457093015515227,6982.209119615365,0,0.0,0,0.0
COST,3257.5328878642413,832.9182396736602,-0.03759972311956861,0.035884114619712415,3150.3465834687304,0,2.0,0,0.0
CPAY,1578.1205761148076,633.6597272672446,-0.05757473278180658,-0.01887328923730769,1668.469916812961,0,0.0,0,0.0
CPB,118493.54668143488,57828.32593609623,-0.12187776137630912,-0.11466154537055417,149148.6779207053,0,2.0,0,0.0
CPRT,134463.06244705786,50821.51902500749,-0.0628642293156414,-0.13229570554298042,162255.55125683424,0,0.0,0,0.0
CPT,9584.574858492953,3412.572225717277,-0.012105333427142706,-0.021279346473674132,9653.279167296781,0,2.0,0,0.0
CRL,6791.0,4332.793234240585,-0.13237337239583336,5.951236567014462e-05,7507.8440693965385,0,0.0,0,0.0
CRM,25112.08088562871,10376.03666806043,-0.1486029378497975,-0.04891157512136213,30012.43448299733,0,0.0,0,0.0
CRWD,7485.952184916039,3027.3710171168887,0.02933200432337535,0.24001178426690473,5439.254237288135,2,0.0,0,0.0
CSCO,465754.365799052,124955.90355663149,0.04405822928057557,0.1505552041926832,380334.98523262405,0,0.0,0,0.0
CSGP,54011.27106225201,16194.684228833905,0.05453306180246553,0.15599591703343707,43473.1591068292,0,0.0,0,0.0
CSX,615321.8201410284,192118.2640387796,-0.15134436312919186,0.1771803808852015,601916.6569993511,2,0.0,0,0.0
CTAS,8578.352056237305,3526.486235462918,-0.11993405571513893,0.15178526591973007,8350.288752104629,0,2.0,0,0.0
CTRA,254686.61254584262,110648.12407834994,0.10077704165697798,-0.18551893072300174,277024.7595997303,0,0.0,0,0.0
CTSH,56277.87660751906,20320.34146975541,-0.010592650648052815,0.006951934741172616,55144.63741305422,0,0.0,0,0.0
CTVA,55812.362887372656,23088.45878983503,0.07893434264775645,0.1959617869271173,42469.154507269486,2,0.0,0,0.0
CVS,116351.31002097283,66713.87736199649,0.21073400278726662,-0.08037392466708704,101614.27724007392,0,0.0,0,0.0
CVX,70367.74243703923,22919.717451364693,0.025871915822306635,-0.06007000453297329,72179.63166254068,0,0.0,0,0.0
D,129394.69630988508,33895.1249029432,-0.03864836821337159,0.06720771360726174,122460.6249882936,0,2.0,0,0.0
DAL,103052.927431909,74447.21221442967,-0.2809845174689096,0.19558524124209575,113921.98207847796,2,0.0,0,0.0
DASH,42539.96093182767,8049.502569615654,0.0837550561910907,0.2374485859638913,30417.09735153869,2,0.0,0,0.0
DAY,40600.47271328961,14925.442634688832,-0.2421969385330407,0.011963780260130896,51110.29913987903,0,0.0,0,0.0
DD,177407.91045911866,82499.2340705428,-0.07952579787987313,0.007162929849810373,183104.13662333202,0,2.0,0,0.0
DDOG,28381.948045985922,22676.981097667023,-0.20115903565713822,0.3641531198413408,24617.88112086489,2,0.0,0,0.0
DE,2800.2911650664805,1091.241993012475,0.1620729352533148,0.09019651270768292,2173.103840517579,0,0.0,0,0.0
DECK,22176.954478219017,14066.803292070164,-0.3646925451236861,-0.08653769403117384,35950.309644991685,0,0.0,0,0.0
DELL,75846.28392258173,27330.117606078275,-0.28838978768403956,0.30623090955031396,79497.04321624331,2,2.0,0,0.0
DG,25238.57753145588,16029.596060684535,0.0525511726900072,0.3133530746336346,17348.76905182478,2,0.0,0,0.0
DGX,8599.7641375908,2321.1886436872664,0.02826295623625752,0.02711381879354713,7597.410340687724,0,2.0,0,0.0
DHI,16966.396852608657,9156.88583822975,-0.2175840242018252,0.14835892508993398,17656.676953048933,0,2.0,0,0.0
DHR,23225.612651167907,7302.024672811982,-0.09313414182511004,-0.06611232083318197,26374.268200916194,0,2.0,0,0.0
DIS,104656.88983911382,32558.751533411614,-0.13525507148074611,0.23600224493371025,95633.03126168867,2,0.0,0,0.0
DLR,11557.211026175288,4692.616992114533,-0.1813826417212111,0.19000030027371806,11518.338047084935,2,2.0,0,0.0
DLTR,64076.8607879159,21175.956958269213,-0.05065382524752815,0.7103734780953836,36934.54035376012,2,0.0,0,0.0
DOC,397910.4931194211,139887.00063066912,-0.029248767608018533,-0.04423753269872843,417862.3449599654,0,2.0,0,0.0
DOV,8082.111902495971,2251.188012183784,-0.10964944204617022,0.05568636994121956,8384.943590678091,0,2.0,0,0.0
DOW,299922.7726884346,158796.65248073364,-0.1619270222372846,-0.14380912127963696,404961.3570112412,0,0.0,0,0.0
DPZ,711.8229289381902,521.7223028900057,0.034178551391787826,0.03371346332778269,646.3600867827531,0,0.0,0,0.0
DRI,9722.437488797126,2527.245023721719,0.19824562811427637,0.055380439257523006,7399.297669566247,0,0.0,0,0.0
DTE,12813.432637326983,3739.5440986130716,0.14423498685835612,0.007761697750002794,10737.846152223952,0,2.0,0,0.0
DUK,34438.76791706597,10629.168998624908,0.052278200248717877,-0.002588839783651653,31775.128484101282,0,2.0,0,0.0
DVA,5007.576212807611,2471.557358149019,-0.06492599569872959,0.010416752634907489,5190.9655469921445,0,2.0,0,0.0
DVN,256737.58093978564,97320.67280741248,-0.06475087897541976,-0.07734239097990503,290804.3830463826,0,0.0,0,0.0
DXCM,87688.79014512655,27008.354808843556,-0.046413969344977435,0.16029000918005987,77068.6023747304,0,0.0,0,0.0
EA,14671.190333035313,9292.50408097041,-0.13194914239705158,0.05997164539372424,15276.529484194167,0,2.0,0,0.0
EBAY,54677.72790623834,29098.91696623228,0.07119103041521369,0.2429426263426051,40376.0627580262,2,2.0,0,0.0
ECL,4399.652863181776,1778.5570851179727,0.010367021975820956,0.07105996429826145,3956.19320799335,0,2.0,0,0.0
ED,27500.623631395265,9445.269576954164,0.12318925093186284,-0.05427908687402616,25088.210011087613,0,2.0,0,0.0
EFX,4585.620823596484,1654.2686169785911,-0.02104476558579449,0.0068158510479188195,4530.871837050986,0,0.0,0,0.0
EG,928.2361897102875,457.05544005967346,-0.04644079539152124,-0.05168974906968138,1003.3565252972414,0,0.0,0,0.0
EIX,28017.941184912394,28735.880784477587,-0.30173958544042845,-0.08770369897754882,42996.91670533953,0,2.0,0,0.0
EL,49567.18263335611,21541.742572180174,0.03320721238511748,0.32111127889830104,34877.18598748825,2,0.0,0,0.0
ELV,3597.641717777518,2223.3156263383507,0.0693732834316414,-0.31724264098516,4798.848457027411,0,0.0,0,0.0
EME,758.207595826984,605.5042441054939,-0.22005688561440584,0.4506379503665021,660.3720681879687,2,2.0,0,0.0
EMR,17604.169664303558,9164.633763740645,-0.14528347054562152,0.3040552804051362,15332.694618469712,2,2.0,0,0.0
EOG,20615.62758974002,11555.504805548893,-0.09283137641530403,-0.03362599884613526,23073.55272759753,0,0.0,0,0.0
EPAM,7955.298408574942,1765.2293034571521,-0.27377890131747296,-0.031808893763656254,10802.420830728284,0,0.0,0,0.0
EQIX,443.283547408441,285.3205546181681,-0.08067779286189991,-0.056741581682237086,498.1129277732849,0,0.0,0,0.0
EQR,27027.219896891256,11837.811125125538,-0.06511095615080964,-0.006845706491311998,28511.258433294846,0,2.0,0,0.0
EQT,146240.46358219834,60017.3123535444,0.19277743467959474,-0.0259055107667443,119275.20214343457,0,2.0,0,0.0
ERIE,306.05659774127423,188.4459991990402,-0.013909099042579087,-0.11676924211776685,339.9113352437718,0,0.0,0,0.0
ES,45804.82530281444,18003.31861272205,-0.0004753013406542106,0.0822152015191886,40979.91230580687,0,2.0,0,0.0
ESS,1064.4314962599044,632.4309903452724,-0.013646625162867188,-0.019013806742291472,1066.80765253488,0,2.0,0,0.0
ETN,8913.75698551322,3423.6103429608006,-0.18802123856541397,0.2879797128263173,8286.014578516366,2,2.0,0,0.0
ETR,34189.07815082463,15165.341066640594,0.12549947807091777,0.051644329629466634,28146.341342249958,0,2.0,0,0.0
EVRG,22837.539829863825,12371.838768631224,0.06975873488934692,0.026922071702588868,20182.004736071198,0,2.0,0,0.0
EW,47702.53454165012,22210.846868558507,-0.001001569544076819,0.08415563878270405,42996.162247032786,0,0.0,0,0.0
EXC,207927.33035797515,62087.51651059523,0.12096336273287478,-0.01991923373811255,179441.81924822938,0,0.0,0,0.0
EXE,30803.471687353096,12349.120686801434,0.11693568338608196,-0.09469425770273199,29735.305044527548,0,0.0,0,0.0
EXPD,10613.449999229295,4303.430211978567,-0.04563133248904094,-0.0014274335005574068,10836.129493220002,0,2.0,0,0.0
EXPE,16898.460604994754,4132.104274478208,-0.055338648180042194,0.10464194939225147,15780.918510115063,0,0.0,0,0.0
EXR,5562.839023076274,3088.449717244605,-0.11154679608401008,0.048518406454860497,5852.288627473354,0,2.0,0,0.0
F,6725146.8937983485,3421884.220795734,-0.09444770959217996,0.14091419396924376,6278644.704526632,1,1.0,0,0.0
FANG,10477.963909934257,5739.285665117782,-0.1354477060524858,-0.08845779106999296,13045.19743049969,0,2.0,0,0.0
FAST,179400.94655484785,57417.366594241845,-0.08571025408483335,0.2657083261554172,152379.55387578675,2,0.0,0,0.0
FCX,552312.1113984112,161659.92856222144,-0.09622348917933687,0.11936405474862566,516104.44016075163,0,0.0,0,0.0
FDS,1720.2048526504354,560.6858931375195,-0.12449356581188453,-0.03749516065235814,1985.6837000457379,0,0.0,0,0.0
FDX,5365.116374542855,3077.115116157753,-0.25650853181099864,0.03263004089936472,6497.075620588467,0,2.0,0,0.0
FE,159731.6431756406,44040.011110855055,-0.04602556792810075,0.044653930335477376,156448.4183877463,0,2.0,0,0.0
FFIV,3104.5459933360817,900.0547980358645,0.09487896892068481,0.11837800881422167,2477.632458507603,0,0.0,0,0.0
FICO,75.31000855020241,68.18127940361984,-0.19977911081762856,-0.17660910363485582,111.30933999407655,0,2.0,0,0.0
FIS,36302.73498996608,19185.029961832835,-0.1648472990912736,0.10130882916782347,38651.471402492694,0,2.0,0,0.0
FISV,34011.87869306043,51984.55948450175,16629.628507310466,-0.2528594991914892,43720.450151057405,0,0.0,0,0.0
FITB,158435.12756173033,48041.13949114223,-0.16319223488051782,0.10003731404030747,167758.7284820351,0,2.0,0,0.0
FOX,29167.290213564083,12292.464577758956,0.15693153983485897,0.036334628818203596,23796.142676612355,0,2.0,0,0.0
FOXA,60824.36530312911,26598.442921621645,0.16735151713143215,0.044773400359258586,48429.867900003956,0,2.0,0,0.0
FRT,4251.378695917345,2878.017014732426,-0.150095636235688,0.009498903912129597,4816.571206922635,0,2.0,0,0.0
FSLR,9000.329627612511,9838.708827960765,-0.3464921014152379,0.3655147178648033,9677.359097989813,2,2.0,0,0.0
FTNT,70181.84928997555,24030.323521722832,0.04418812918322379,0.06411419007832575,61324.72426461599,0,0.0,0,0.0
FTV,47127.93726885772,28385.384774610695,-0.01577926821597153,-0.09310267451223742,51360.01928085924,0,0.0,0,0.0
GD,4312.030690965987,1821.8588041346334,-0.0854138078139357,0.2074842240490502,3807.4283002627717,2,2.0,0,0.0
GDDY,8908.84737829978,3567.952708558163,-0.043184549284724594,-0.07869129292215249,9732.415679347863,0,2.0,0,0.0
GE,22974.868174355135,9630.29295278125,0.13520397457707967,0.29002168097088754,15388.045934663518,2,2.0,0,0.0
GEHC,40640.73141241648,19454.923593360898,-0.030671193515861228,-0.05547689086571217,43170.61965434402,0,0.0,0,0.0
GEN,205811.61168238628,54923.44751360615,-0.08128397751788097,0.12213020536232433,193810.80902495142,0,2.0,0,0.0
GEV,9187.197807330434,3435.506442706209,-4.78596302739831e-05,0.8790984956186159,4707.29911101303,2,2.0,0,0.0
GILD,95199.75266709483,26770.970208353006,0.20443644294907348,0.06466507201551863,72302.01463934999,0,0.0,0,0.0
GIS,100971.96959031807,36785.645513845055,-0.06683461713911876,-0.11525448765196766,118954.20253266442,0,0.0,0,0.0
GL,2916.2560071014573,1870.0858028234313,0.15090531324490097,-0.02712610490484968,2540.2682927163864,0,0.0,0,0.0
GLW,151162.42024086055,41693.0168422301,0.029786313773606743,0.1539069551846839,123390.9150313184,0,2.0,0,0.0
GM,109457.94322505547,82696.69874154485,-0.12934569442363064,0.0651319700052162,114663.09127668953,0,2.0,0,0.0
GNRC,8650.753209176408,2511.1335787849093,-0.2850939563656004,0.15655722853677423,10241.712617255776,0,2.0,0,0.0
GOOG,168433.76775950362,46451.16965658077,-0.0757868111663278,0.1518003065983049,153474.3873497379,0,2.0,0,0.0
GOOGL,281265.88945,71461.28020769675,-0.08009184315468532,0.1596461769810562,255198.21208324304,0,2.0,0,0.0
GPC,10157.383583638353,3891.7886376437073,-0.036713271789460156,0.12650248757848703,9104.59939629448,0,0.0,0,0.0
GPN,17884.020679461373,13228.573671961776,-0.16801800749063311,-0.13937827027698624,24317.396752699187,0,0.0,0,0.0
GRMN,5575.5453853001745,1701.911042011699,-0.0151891494848293,0.10792910749688489,4969.078403686508,0,2.0,0,0.0
GS,2902.3435907343596,1431.9693776475372,-0.053236357551495805,0.2717751596646578,2338.266262579753,2,2.0,0,0.0
GWW,232.78951215324514,108.88261349588672,-0.17764435695075742,0.07510189898728226,259.72279722344575,0,0.0,0,0.0
HAL,283783.58472617966,210901.9703107645,-0.18466713077812824,-0.11418044183358378,381921.85976110474,0,0.0,0,0.0
HAS,26185.309814876346,10640.551807318718,-0.025111112943124847,0.2729131639326383,20073.12601475889,2,2.0,0,0.0
HBAN,1547197.6795294208,575605.5079366168,-0.15547780681860368,0.12725365073389838,1584923.1442648708,3,2.0,0,0.0
HCA,3360.355593354239,1553.5734941445194,-0.02698710383764724,0.06568487384218935,3140.690307437066,0,2.0,0,0.0
HD,25324.81073301815,3354.7300309381103,-0.14649491561254535,0.07158893020711377,27022.411483069587,0,0.0,0,0.0
HIG,7991.27384267665,4810.806737509131,0.012511776401761265,0.027449959316215855,7522.1113846861845,0,0.0,0,0.0
HII,1613.3204172466296,1115.2729958520058,0.02868518081414506,0.31275798056838955,1167.7589481764564,2,0.0,0,0.0
HLT,6527.5921655652955,2850.0556400751434,-0.11808132545034944,0.16380766924706802,5980.0757560243155,0,2.0,0,0.0
HOLX,42015.752906872876,20032.91972464635,-0.23340524401522467,0.07253204013714054,50120.11804757739,0,2.0,0,0.0
HON,28767.143217538323,7818.479153851606,-0.08281690620690607,0.13734958877852566,27088.32253314591,0,2.0,0,0.0
HOOD,814539.0,258723.77117948176,0.18571428571428572,1.2821373323437122,277647.0318978238,2,1.0,0,0.0
HPE,2077808.1648251791,416626.66506582906,-0.25126079258280287,0.2972626165429726,2055089.5052494116,3,2.0,0,0.0
HPQ,329484.08399513457,126613.68598153851,-0.23936403685891938,-0.08730949381996966,459508.5966513789,0,2.0,0,0.0
HRL,124524.68195746977,50511.00220492863,0.013866034450540798,0.0010376084156451526,119438.23377144609,0,0.0,0,0.0
HSIC,19168.03521044594,10170.646348438167,-0.06929222883847141,0.06076636905411226,18937.36051158461,0,0.0,0,0.0
HST,304570.800085785,248262.2952862773,-0.16745743734155305,0.15218673613559908,301533.8413109762,0,0.0,0,0.0
HSY,13462.51658384294,4775.872017901113,-0.025404971131735343,0.10077717075498804,12135.204792004843,0,0.0,0,0.0
HUBB,1308.7399628945168,555.9837307202055,-0.24805029889891428,0.285764265503224,1316.045929677799,2,0.0,0,0.0
HUM,5317.5420151933195,2668.9457753447955,-0.026536095881012578,-0.11336544325062414,6017.659400824548,0,2.0,0,0.0
HWM,18017.974042666377,6842.1133802710665,0.13908214916555295,0.41795978763490926,10901.306345373045,2,2.0,0,0.0
IBKR,91266.70562060685,67050.58588570675,-0.06421905836382946,0.4587833400793131,65513.49201599716,2,2.0,0,0.0
IBM,23928.63704266256,7118.558874869308,0.15377456913746235,0.1577286352727829,17056.288835263444,0,0.0,0,0.0
ICE,33288.16362826501,7281.916233394575,0.10400552198284663,0.031231594147369313,28665.26830810965,0,2.0,0,0.0
IDXX,1367.172875619803,544.3766771766939,-0.020365357564798514,0.28138399581440154,1058.7785977859778,2,0.0,0,0.0
IEX,2809.401258712575,1406.4753064364618,-0.20766633143521185,0.018863893751092986,3374.457297187494,0,0.0,0,0.0
IFF,26810.627709356235,10188.352054548111,-0.09903229145744608,-0.022027514006442206,29351.867447006134,0,2.0,0,0.0
INCY,36782.161687653366,9687.969086778037,-0.21722750364470356,0.1341248253611691,39970.76234377407,0,2.0,0,0.0
INTC,2470522.3342603887,1553466.3890400538,-0.054347841110181316,-0.04898789289257055,2598127.612174585,3,1.0,0,0.0
INTU,3613.1248434872127,1024.4097275107124,-0.12935607745900035,0.28609211640964616,3137.131113714965,2,0.0,0,0.0
INVH,217282.79172837676,44605.06670130187,-0.0012231390716523904,-0.03932705180914775,221243.6024062372,0,2.0,0,0.0
IP,96273.92841139913,57697.139205501044,-0.11515658355430802,0.05281471770397861,100539.31018205,0,2.0,0,0.0
IPG,226091.87670459028,115510.20702831777,-0.02741325665602823,0.0030056240340758933,225470.43147010737,0,0.0,0,0.0
IQV,5941.21126410813,4022.0379843290607,-0.057788911610761606,0.04390819501989629,5824.12300675809,0,0.0,0,0.0
IR,18985.833867857848,14842.424640169487,-0.21426839398393127,0.07064678605659447,22106.195719803964,0,2.0,0,0.0
IRM,31959.098875948643,7079.301288087314,-0.23902118602937827,0.13617588948245896,36128.834050804566,0,2.0,0,0.0
ISRG,4320.345152168847,1535.4905378024832,-0.10224966964739812,0.018670750293315663,4330.8565207093725,0,2.0,0,0.0
IT,1905.9384080903553,1339.2228843589373,-0.21360394953373563,-0.1787754169922372,2757.1801852737976,0,0.0,0,0.0
ITW,5180.1682158213725,1593.5532795615868,-0.07565213054185727,0.057897361776550804,5208.904033559604,0,0.0,0,0.0
IVZ,244421.4879545428,131740.14369445818,-0.1224603051909452,0.4093130033140173,192418.3089905883,2,2.0,0,0.0
J,4359.413970194561,2389.066035893784,-0.14631543049139895,0.182037182075667,4247.534759588413,2,0.0,0,0.0
JBHT,7502.0758448669885,2947.023176991183,-0.21349622468011076,0.009069590198378608,8950.124144427546,0,0.0,0,0.0
JBL,7344.978744698089,2992.4697788813874,0.08391609844864467,0.578707513466689,4107.568106041484,2,0.0,0,0.0
JCI,58906.54513848893,18041.28480509871,-0.02397367553646612,0.34106190390944047,43993.93770787842,2,2.0,0,0.0
JKHY,5522.308359049555,1755.9081707659948,0.0026158214433111837,0.03147749858224169,5196.2432059305565,0,0.0,0,0.0
JNJ,83155.3377960886,20250.509280409988,0.06671010392383114,0.03911336615288885,74257.57264180393,0,0.0,0,0.0
JPM,33650.94278426711,13022.677783443958,-0.02982722339312538,0.23824354512935497,27319.98011569315,2,2.0,0,0.0
K,28316.89510641138,14127.453990679138,0.03491829407377356,-0.02490603830950744,27898.497928364526,0,2.0,0,0.0
KDP,400290.9585769274,202333.88809076362,0.06630066965156511,0.008397925375782211,361860.0133851947,0,2.0,0,0.0
KEY,1023574.4764563506,409467.78992492,-0.15558328463468052,0.17083759387818298,1003972.0540002126,3,2.0,0,0.0
KEYS,5366.190660597144,2584.082393732957,0.004953110613323375,0.08380648705267135,4833.3346442767015,0,0.0,0,0.0
KHC,532768.5423116304,196790.9076598591,-0.029827729985938523,-0.018547957495906542,545380.5062261504,0,0.0,0,0.0
KIM,165543.1810581348,80796.10645254912,-0.16702625536709648,0.06919008108942037,181124.75083591117,0,2.0,0,0.0
KKR,37910.16405338562,14368.103733543017,-0.25245545590496943,0.26754286676240824,38824.4677148217,2,2.0,0,0.0
KLAC,1871.997906455946,545.0200297035378,0.11876289866288925,0.2676556557902541,1283.82646667752,2,2.0,0,0.0
KMB,50924.15716783823,9934.436208655014,0.028618208973480552,-0.08097019983820608,52121.912574902875,0,2.0,0,0.0
KMI,609243.8542149555,193295.94110442244,0.009863720061705772,-0.03483489073548085,613822.8704620268,0,2.0,0,0.0
KO,213750.72836188163,90636.77368679807,0.1187209248116885,-0.0045486473610603095,185474.2768041769,0,2.0,0,0.0
KR,139280.9128398478,39259.89682075049,0.11947831742703152,0.11568014190831266,109658.89665064834,0,0.0,0,0.0
KVUE,1972773.1932609559,543945.7092453168,-0.022456821681133055,-0.02750188784700547,2016149.918977502,3,0.0,0,0.0
L,9516.511943368681,3143.5421084920818,0.031131141922418726,0.0385193475953125,8652.134529920257,0,0.0,0,0.0
LDOS,4026.816669619433,3131.7873341889695,-0.16377646059594364,0.21967150429524285,3864.9540344557176,2,2.0,0,0.0
LEN,47684.59066028749,10647.097787064055,-0.3130325509945452,0.01972641208600323,63995.296086644485,0,2.0,0,0.0
LH,2572.8833828137463,1033.6542571846705,-0.020646249482684453,0.06264981337767095,2375.7257580987853,0,0.0,0,0.0
LHX,3787.4056112777644,2106.680683402683,-0.14743745715388434,0.2854632350787487,3388.9923760430474,2,2.0,0,0.0
LII,542.7950525628954,273.516163487661,-0.09094484281019533,0.161183577219552,485.10003472653943,0,2.0,0,0.0
LIN,5839.409000271552,1724.0773027461414,0.008196105446936608,0.02803776768755384,5471.269838543119,0,0.0,0,0.0
LKQ,84587.93958597988,36533.09427993409,0.06161174666468172,-0.04850410508914005,81570.00483394547,0,0.0,0,0.0
LLY,4747.716459634025,2037.1726496496447,0.13688444370639097,-0.05867903255197193,4298.85810072938,0,2.0,0,0.0
LMT,2403.1833106987497,1244.0793051960643,-0.1742589827149622,-0.1229930369224066,2953.054887951921,0,2.0,0,0.0
LNT,33402.25368224531,11170.977546500175,0.021182546718806483,0.023127636308694743,30735.856931206807,0,2.0,0,0.0
LOW,23487.80395790063,4076.4574400653064,-0.18325921917742893,0.01694029817086462,27462.947460920906,0,0.0,0,0.0
LRCX,181921.54172032516,51447.35975940394,0.07310471453450074,0.27460542685673617,129382.87573179141,2,0.0,0,0.0
LULU,9006.204506817183,9000.185364624394,0.004749139748975617,-0.3093594074633813,12322.196306164518,0,0.0,0,0.0
LUV,224367.4015434249,122103.33928481175,0.05345557298064829,0.0792659178900359,188432.48876346654,0,0.0,0,0.0
LVS,109626.94116912421,45955.33439611917,-0.16281446637776886,0.15480262368357733,108676.11608888485,0,0.0,0,0.0
LW,13148.573519054698,17757.53296788916,-0.31769500717692434,0.07863236357202585,16754.57102190954,0,0.0,0,0.0
LYB,66910.02295655238,27857.082725390334,-0.12053709007655022,-0.045702420960109014,77809.90202957428,0,0.0,0,0.0
LYV,25465.816324003685,6984.0784998491135,-0.10067877442700723,0.24863897416104397,21961.149587940236,2,0.0,0,0.0
MA,6929.877099704939,1828.9566722187892,0.019002397752082123,0.04775275913478838,6398.128446393701,0,0.0,0,0.0
MAA,4716.578519260954,2253.5533817718347,0.01680045721907386,-0.04215525312347401,4714.922884834562,0,2.0,0,0.0
MAR,5571.9038123172295,2172.395317753313,-0.18134169161037816,0.152453411707413,5688.7659468154625,0,0.0,0,0.0
MAS,35095.34075256398,11683.129911752962,-0.10742609373660839,-0.02198073781820964,39227.960315536286,0,0.0,0,0.0
MCD,9750.080455103956,4037.6447516630697,0.0484597114820533,-0.023417588477115614,9301.212764452299,0,0.0,0,0.0
MCHP,154193.41855174824,68466.53219848633,-0.22389032608662918,0.3517978188519735,137166.18765082088,2,0.0,0,0.0
MCK,1511.8479763158607,460.5025738368576,0.0710284741282563,0.06546800340905001,1297.7151718496289,0,2.0,0,0.0
MCO,1452.0481946288653,614.4402476892286,-0.03674190935745236,0.10650931579820466,1326.2277559183674,0,2.0,0,0.0
MDLZ,155896.50376948595,51509.46128751621,0.005743520247103229,0.09974971132995192,136856.87433357016,0,0.0,0,0.0
MDT,258830.30830073237,30600.419848865145,0.032144458405207965,0.029391952271009325,238395.200096167,0,0.0,0,0.0
MET,44228.096935325506,16060.154141810983,-0.017606760443774405,-0.045884878352379976,46330.06848537442,0,2.0,0,0.0
META,46019.33313093648,9617.153236475982,0.04966788760749252,0.19511512318197655,35613.04771446885,2,0.0,0,0.0
MGM,134346.2353971033,58553.697912231946,-0.16123826197676272,0.18963377960474914,128401.37039229555,2,0.0,0,0.0
MHK,4885.979085971325,2441.716094089428,-0.1998266622735343,0.031753087252850865,5777.32803751335,0,0.0,0,0.0
MKC,46667.13243472948,11982.713722856295,0.07637485255217458,-0.09812341104555411,46792.23704985388,0,2.0,0,0.0
MLM,549.2259050847193,313.86118777502554,-0.1855662273078783,0.19459634538925097,550.862844475852,2,0.0,0,0.0
MMC,12394.987378320608,4213.258611831574,0.03779057952846787,-0.10021734959914352,12924.196081737653,0,2.0,0,0.0
MMM,18202.957412289208,9107.33851127524,0.14312361262554352,0.005297696628424831,15370.670932800816,0,2.0,0,0.0
MNST,83896.12711835823,37028.54650757014,0.056504567217335655,0.028318228188477956,74809.8449017824,0,0.0,0,0.0
MO,181769.35867754355,57388.25324805908,0.03265607937052595,0.06489319471780308,162036.4454844703,0,2.0,0,0.0
MOH,8375.398848522562,2429.2815017445073,0.05167872267136753,-0.40156019688450195,12825.896029116213,0,0.0,0,0.0
MOS,249429.3948559686,79845.77060280059,0.0940469457865396,0.3212111869778853,167628.9504957534,2,0.0,0,0.0
MPC,9883.679382386037,5801.556416082179,-0.06485872483751043,0.17425755130232878,8741.066360696172,0,0.0,0,0.0
MPWR,1506.6080520088235,468.3008125201142,-0.019813081916448816,0.20982186418887872,1218.9548898789212,2,2.0,0,0.0
MRK,302263.50242578244,62082.61315718718,-0.020034418198228265,-0.10413142239576012,337796.83774540137,0,0.0,0,0.0
MRNA,211335.37951711201,153127.47879367432,-0.202227238754777,0.05717335278815483,234612.6545153357,0,2.0,0,0.0
MS,37378.343376096134,18866.717591230747,-0.10982832923135821,0.18589541439554225,34550.03675685572,2,2.0,0,0.0
MSCI,1118.543786733929,383.76779544977813,-0.06174083975806621,-0.05535284883935998,1223.2613001598957,0,0.0,0,0.0
MSFT,81864.3184348651,18445.922830851327,-0.07558370444243301,0.29371194223142916,66768.73604846305,2,2.0,0,0.0
MSI,3293.707001327148,847.2646593946375,-0.14107702896808683,-0.003772837154376596,3782.575321463873,0,2.0,0,0.0
MTB,3733.9283947911536,2306.0641781148447,-0.17607857351635803,0.10594905346795591,3981.094926017352,0,2.0,0,0.0
MTCH,119479.43375786662,56205.82635927226,-0.0010752522017876132,0.10604989441498991,104788.31784990351,0,0.0,0,0.0
MTD,137.94564080051583,49.92736728268993,0.0024689264057062843,0.03737926053736529,127.5778419790226,0,0.0,0,0.0
MU,347335.8475604218,86243.51888540859,-0.03782461894612099,0.1175282044512902,306002.4491911098,0,2.0,0,0.0
NCLH,543523.8962705635,270378.0356572554,-0.2624521180594709,0.18172982434319995,580440.8858433138,2,0.0,0,0.0
NDAQ,28528.013530121014,15136.884049944134,-0.04931748830888194,0.15426419703265726,25301.98901908231,0,0.0,0,0.0
NDSN,1337.267732720291,667.1737196213583,-0.19892149376060064,0.07545750417324304,1518.8434496593775,0,0.0,0,0.0
NEE,149296.40291397364,59100.42477994069,-0.0676485842104384,0.020139262610721298,142060.3200052348,0,2.0,0,0.0
NEM,187180.2993760463,79402.77708244164,0.10724023566069496,0.30294653640594893,124664.153854869,2,2.0,0,0.0
NFLX,512026.6142193429,145970.9138518062,0.11085531180764185,0.2211695533908391,363663.03064398596,2,2.0,0,0.0
NI,69908.97576643279,40244.59375624508,0.06942432821469402,0.050437098526086244,60052.60609031383,0,2.0,0,0.0
NKE,199409.84453541695,92342.20595686548,-0.12092193988915523,0.12410954773416494,190202.66263716866,0,0.0,0,0.0
NOC,2179.0829379820625,707.7275190006706,-0.0009558259515616285,0.1544734431088901,1847.374635368035,0,0.0,0,0.0
NOW,1516.4965277885287,659.9088135568069,-0.1954960847199564,0.1538544631505685,1576.9076780505109,0,0.0,0,0.0
NRG,26653.36444573033,8984.580346347804,0.0404012530665987,0.6001317739936598,14873.32406853822,2,2.0,0,0.0
NSC,8087.610797196054,2434.4966759747717,-0.12208905876394349,0.21195920470373242,7456.029428647273,2,0.0,0,0.0
NTAP,18765.59863368305,7902.283472084865,-0.23580445864616517,0.151730628489396,20699.920011726044,0,2.0,0,0.0
NTRS,9919.906678547823,4660.3007563403135,-0.09625694210716806,0.25980582826494825,8416.041463443305,2,0.0,0,0.0
NUE,9220.63361177083,6652.909115557483,-0.18410657547594278,0.15554600005247643,9165.71064420745,0,0.0,0,0.0
NVDA,1516905.7159676575,653695.877633986,-0.17632118148341003,0.44751133220292716,1241068.074989554,3,1.0,0,0.0
NVR,1.1769462807618738,0.8046850205080083,-0.19684217657176561,0.08850257285990892,1.399751321106621,0,2.0,0,0.0
NWS,25287.666183896406,14622.092398269988,-0.026086636392501084,0.08416320213261885,23267.066079919812,0,2.0,0,0.0
NWSA,167993.3030891861,50236.18572024723,-0.06047620765392148,0.07963305825929834,162210.25507931056,0,2.0,0,0.0
NXPI,12848.46388112629,5096.927354226666,-0.09705066851449629,0.1210529185525131,12306.32067211034,0,2.0,0,0.0
O,101345.20790456793,35949.20122788649,-0.00228232130813244,0.04696452536693996,95365.4575824377,0,2.0,0,0.0
ODFL,9549.43360320807,4180.815423220891,-0.26113025631068754,0.005476057734934647,12037.463402328545,0,0.0,0,0.0
OKE,41175.21759473365,18336.68162353525,-0.11361563934007246,-0.17687882477229655,55316.08530548642,0,2.0,0,0.0
OMC,29626.47453397293,17741.246704727346,-0.17631640955405892,-0.03839765365313119,36397.627701827776,0,0.0,0,0.0
ON,107095.8658315724,75584.8991085509,-0.369735267597442,0.35477274114435375,117545.6408431961,2,0.0,0,0.0
ORCL,114528.09780987208,30332.737748778716,-0.18979719068638412,0.5814144879511547,86674.49889468667,2,2.0,0,0.0
ORLY,75320.16125542908,21121.324401441605,0.09209555633416966,0.06699566628907316,63958.38248228015,0,0.0,0,0.0
OTIS,33948.280199854744,10902.230138638024,-0.0008872261140236981,-0.13143651350086094,36925.78449968371,0,0.0,0,0.0
OXY,159538.13541817322,96424.69314887834,-0.05756595886991145,-0.07151395525948023,179849.11361177557,0,0.0,0,0.0
PANW,27746.073320529253,12506.91567180694,-0.07080625877420832,0.08507622330023668,26845.924281443826,0,2.0,0,0.0
PAYC,2805.535228342634,1138.506626480498,-0.03373162288145504,0.07960470805343123,2576.1624589407093,0,0.0,0,0.0
PAYX,18571.605245591458,6627.058956292021,0.008350946556376027,0.019727266513911434,17689.278906077605,0,0.0,0,0.0
PCAR,46627.5335394731,10374.694850683974,-0.11233886340865606,0.036870930460143114,49233.07295036236,0,0.0,0,0.0
PCG,1382702.6022325174,562990.823972249,-0.19672105727245137,-0.20099558871348389,2098649.553064705,3,2.0,0,0.0
PEG,21414.124609879418,12843.212079617728,-0.06584853929466128,0.04982833852288082,21265.703686211564,0,2.0,0,0.0
PEP,70981.03413331689,21466.743420993742,-0.06983373221900036,-0.0029907238517367096,74311.3687399833,0,0.0,0,0.0
PFE,2867726.4360820055,820358.02322065,0.06355586720540463,-0.025497782629718357,2695627.217620405,3,1.0,0,0.0
PFG,12556.841749001,6296.602368637273,-0.023247713022537808,-0.02417027172621211,12975.32756556775,0,0.0,0,0.0
PG,64521.90082931627,18113.802079028686,-0.032967851797252146,-0.04629601278509854,68029.96344574474,0,2.0,0,0.0
PGR,14975.528894478004,4532.667439153933,0.08286136278033873,-0.10999842887817946,15189.885542965249,0,2.0,0,0.0
PH,994.6188411393757,408.8065193310915,-0.11349882691641155,0.1625097719132691,937.8517608617507,0,0.0,0,0.0
PHM,16322.198554558083,6728.644878825512,-0.21636207503816285,0.15216161901043024,17027.354285170488,0,2.0,0,0.0
PKG,2615.395520583801,1477.1377834012153,-0.1817988968986174,0.06015315854466197,2943.831085495252,0,2.0,0,0.0
PLD,57704.36601032447,14868.153859555581,-0.041954712492452306,-0.005463126237378435,58316.48163825752,0,0.0,0,0.0
PLTR,874112.6380537172,308437.6276246914,0.3787137022298046,0.6979247326339959,345471.2580645161,2,1.0,0,0.0
PM,40510.81978146243,13866.803036110483,0.16430005671060166,0.08665041521848749,31382.112954669374,0,2.0,0,0.0
PNC,9670.708028571637,4457.579523942832,-0.16715039844139434,0.16048660215392396,9826.375898525357,0,2.0,0,0.0
PNR,12708.276558386466,5295.570777824418,-0.1812821338614664,0.18687871785943644,12600.61304183105,2,2.0,0,0.0
PNW,13193.372884671886,4731.792561465638,0.02882406913698654,-0.007582091096142718,12507.515228454198,0,2.0,0,0.0
PODD,2509.357597001719,924.0324310590211,-0.009321745987631358,0.06580664061680075,2265.006373618036,0,2.0,0,0.0
POOL,2789.562929690458,700.4399251308694,-0.12025064777294037,-0.0075279261412707354,3125.8445480599407,0,0.0,0,0.0
PPG,25386.855520937912,6956.393123178366,-0.1090237407140876,0.05246283618266556,26450.971499564974,0,0.0,0,0.0
PPL,210371.18315127245,56586.818182251096,0.029132746611222338,0.050730368725780295,188792.13560874015,0,2.0,0,0.0
PRU,15252.152334476008,5915.348948633492,-0.12844727823816748,-0.03862502149616276,17861.97763124497,0,2.0,0,0.0
PSA,2693.619891640364,1038.0328506728513,-0.12166995376620526,-0.012076542548442926,3021.5606111976263,0,2.0,0,0.0
PSKY,968297.0126705047,391710.14987028233,0.11813227589722874,0.10464530354499835,765957.1429869045,3,0.0,0,0.0
PSX,18862.132067735613,10265.479750674891,-0.04116357245801039,0.00024790812139752205,18986.624530944733,0,0.0,0,0.0
PTC,4900.194266739216,2124.274737431632,-0.1672830461916599,0.2512273023961602,4559.920334988107,2,0.0,0,0.0
PWR,5070.093285251894,1556.0001503221592,-0.19282637488433196,0.50059342944011,4097.033137397422,2,2.0,0,0.0
PYPL,217600.2802461302,71782.62108397111,-0.19038615171601458,0.08876579569563914,238563.01915261467,0,0.0,0,0.0
Q,32700.99265688813,16132.935928733528,-0.0031479857518458276,-0.015000012456154344,30508.05485508445,0,,0,0.0
QCOM,68810.38931150878,20636.9872467697,-0.05656162731147352,0.021727859857775034,69564.73471112677,0,2.0,0,0.0
RCL,6857.199669776504,3540.2065410238456,-0.10424166338935059,0.6341144536231491,4426.575906961973,2,2.0,0,0.0
REG,11260.265430705378,5644.463973452366,-0.022395155653023635,0.0030597973534534084,11234.995880602955,0,2.0,0,0.0
REGN,1802.8945035179304,754.4975705504314,-0.14449256721819936,-0.13277516846296245,2375.9348845248232,0,2.0,0,0.0
RF,939093.4084985724,245898.39753822092,-0.17523615679233406,0.22446602935063087,905463.9642799678,2,2.0,0,0.0
RJF,7730.0849700059625,3003.8328718258767,-0.1447809732916413,0.1399760434275943,7695.758008227117,0,0.0,0,0.0
RL,2646.964123520723,1212.0904135532173,0.05585456026264124,0.3087909899125052,1820.2085942250192,2,0.0,0,0.0
RMD,4952.947382042528,1523.0017381267821,-0.09148244791875504,0.23853237328509347,4318.459973549778,2,2.0,0,0.0
ROK,3607.684064885538,1189.457478929666,-0.10334593246571222,0.38867424211819546,2815.183752198235,2,0.0,0,0.0
ROL,67779.37428137044,13968.708995109668,0.025869378277273203,0.0677654619616781,60608.10842719049,0,2.0,0,0.0
ROP,1960.5303484880615,509.63631132624926,0.028755606037622172,-0.025235001096837628,1893.5652977473949,0,2.0,0,0.0
ROST,16351.777223305204,8482.211299637931,-0.12918735062079068,0.10172922635742587,16691.57031714318,0,0.0,0,0.0
RSG,8727.11581480569,2027.9936746654748,0.1124476281132587,0.039993854078992586,7430.795377686187,0,2.0,0,0.0
RTX,31804.568181007704,13379.76088259753,0.10869037236837453,0.16942585474151106,24004.25165004225,0,2.0,0,0.0
RVTY,7671.0282831120785,4423.500278630006,-0.03615805116746951,-0.0728238979629604,8260.450570837344,0,2.0,0,0.0
SBAC,3584.447124858649,1706.42097431792,-0.0062760211611738725,0.0667209398734645,3234.371672487647,0,0.0,0,0.0
SBUX,73493.38463265428,44722.626513809424,-0.035730885952518276,-0.014434689217773577,74226.9415886033,0,0.0,0,0.0
SCHW,105775.69438151605,46425.27363395813,-0.041920184394157234,0.2118254091994325,89215.72504972391,2,0.0,0,0.0
SHW,6061.050070089332,1916.5301071017254,-0.12461306754860657,0.022069228492405113,6554.737515200478,0,0.0,0,0.0
SJM,15463.083678311807,6303.155998015521,-0.00261177614444974,-0.0077783990910635925,15202.962901501585,0,0.0,0,0.0
SLB,362469.97102897125,166008.46111111043,-0.05026451338590532,-0.1469408184254416,434174.80349584576,0,0.0,0,0.0
SMCI,1298522.6216883063,603592.4691648141,0.8064066013740703,0.2127609539660098,536237.4985012175,3,1.0,0,0.0
SNA,1030.1691301737108,430.6995235172778,-0.08695490139417783,0.013271321056833374,1077.0662982736033,0,0.0,0,0.0
SNPS,4288.09516350126,1754.828941855608,-0.16386119422874246,0.351532088401024,3632.6885567838444,2,0.0,0,0.0
SO,58603.82994597311,21064.213611068342,0.016617484886667144,0.058015217889140436,52880.82499518529,0,2.0,0,0.0
SOLS,73048.58447386735,76667.0503069516,0.020454500672695053,-0.08699248248620939,79557.9583541315,0,,0,0.0
SOLV,20200.13147371775,6025.391162441228,0.0811978057989533,-0.00667556728723484,18152.701374741464,0,3.0,0,0.0
SPG,5487.5574452222645,3720.2747291513792,-0.09445528927727564,0.024436293198810022,5735.446427279479,0,0.0,0,0.0
SPGI,2418.6304832667415,971.3652525867461,-0.018089766799247453,0.05742203046425032,2296.7170969287245,0,2.0,0,0.0
SRE,43128.71961957791,21152.394903776316,-0.24365542691711028,0.14025065535016368,48581.818267613984,0,2.0,0,0.0
STE,2529.532369654439,973.0730477234654,0.0027665131068284055,0.007987101480181114,2409.223410834184,0,0.0,0,0.0
STLD,8510.170706227093,4238.390297758142,-0.13596293707190443,0.05654711509693855,8864.363307181153,0,0.0,0,0.0
STT,16926.295041430683,7673.754579981363,-0.06821143402217589,0.23476480417335477,14353.297544389972,2,2.0,0,0.0
STX,26157.373339936086,13672.375692204409,-0.09340551570338018,0.7315499442516555,16262.232544957682,2,2.0,0,0.0
STZ,8074.664919058631,5743.114066850432,-0.2508461372286499,-0.018882486592392,10668.367626085766,0,0.0,0,0.0
SW,121531.78214430358,37786.43450855062,-0.16915857134205148,0.06737507978906465,132665.96415351896,0,,0,0.0
SWK,16868.214514563213,13572.504806428882,-0.07136302349127033,-0.06313380336364105,18861.74296065025,0,0.0,0,0.0
SWKS,39136.42710926578,20835.9053385646,-0.18612870669325388,0.07866825856229909,43427.885649067306,0,2.0,0,0.0
SYF,73926.06691756529,24347.462548754334,-0.17734635525622455,0.33778774226914776,64508.060790211166,2,2.0,0,0.0
SYK,4561.886373735542,1442.2171295457272,-0.056646739309140326,0.07451012637367316,4357.949653145674,0,0.0,0,0.0
SYY,35522.524318919604,15925.507358228479,-0.06644107035027103,0.14837435084078443,32373.72950837487,0,0.0,0,0.0
T,1886762.9311980105,575900.832156229,0.17347263024304027,0.040968843798816046,1512210.5568778326,3,1.0,0,0.0
TAP,49925.409989190855,17574.43407872498,-0.04152500044764962,-0.12464503908104008,57832.1990125608,0,0.0,0,0.0
TDG,321.16018001500123,85.8937585495162,0.060342558800540624,0.17381492113734942,251.33114427138617,0,2.0,0,0.0
TDY,1216.2400827863546,232.71144191933254,0.062482526854603204,0.08659701210201387,992.935786642248,0,0.0,0,0.0
TECH,25972.94993394483,15024.920504952788,-0.10976195250778065,-0.09388000889445047,30927.991468103544,0,2.0,0,0.0
TEL,15193.328608044649,3932.5843123699397,-0.023269163876402765,0.38666454438890097,11001.067969209678,2,2.0,0,0.0
TER,27045.638086709027,12585.534576470613,-0.17862952160999512,0.05409612562895738,29631.78327237993,0,2.0,0,0.0
TFC,149285.77139743848,78561.3586797525,-0.12139087567712836,0.12069286948823676,148176.371952123,0,2.0,0,0.0
TGT,67432.42187159513,31602.572284640835,-0.3397421311275638,0.033658084941172284,94356.00372945305,0,0.0,0,0.0
TJX,84617.41049597065,14766.139196705837,-0.04466774134049967,0.09002995582183759,79210.83196495808,0,2.0,0,0.0
TKO,14427.232647677607,2801.1065850422897,0.18863209919939217,0.11147613309111648,10689.001462443472,0,2.0,0,0.0
TMO,3834.622350135721,1855.4550176631087,0.01899239679371556,-0.09914247394612297,3929.317828423866,0,0.0,0,0.0
TMUS,25056.95081611856,6645.939413935057,0.0804549666048946,-0.09149739576010385,25011.726083982318,0,2.0,0,0.0
TPL,96.67197392800301,96.1065398157796,-0.13197271268411404,-0.313846724531346,143.56892231552095,0,2.0,0,0.0
TPR,51417.52157071281,23591.406137698596,0.2572219065135528,0.49535594318338183,26153.522284368064,2,0.0,0,0.0
TRGP,6670.698148698374,3824.2541637439485,-0.009646683416710933,-0.16632572695581826,7960.436496358895,0,2.0,0,0.0
TRMB,17632.085982122455,7686.422636398995,-0.004149984644041482,0.18207527949911317,14701.30325610661,2,0.0,0,0.0
TROW,14049.355110262153,6595.925994037026,-0.20818865727008296,0.1658747149861186,14907.562454427163,0,0.0,0,0.0
TRV,4642.29354401149,1834.5015506993982,-0.01588784961969536,0.020037613700090384,4494.3154149540405,0,0.0,0,0.0
TSCO,146452.66447635696,35777.18754347058,-0.0694638868650077,0.1399586053933386,132482.3366233207,0,2.0,0,0.0
TSLA,237109.17982974878,114199.80125129907,-0.3075810066314517,0.33279894142458444,238900.53802415665,2,2.0,0,0.0
TSN,41313.307251347826,18058.203551346847,-0.052654389998638806,-0.09960717097550842,47413.23169086486,0,2.0,0,0.0
TT,2404.8903728143123,1306.1618783473823,-0.15923232333333548,0.32088393547221883,2118.8993493417734,2,2.0,0,0.0
TTD,86476.05795040997,105717.75554734879,-0.5382056921424201,0.49009595883203017,119233.52546681094,2,2.0,0,0.0
TTWO,10207.276798598657,3210.6352549241287,0.1163287317012136,0.06386044524436763,8072.846920345609,0,0.0,0,0.0
TXN,40684.2199055539,16376.42495472928,-0.13915824491561224,0.0444783721666584,42545.18864442927,0,2.0,0,0.0
TXT,11439.805010762575,6732.99082873861,-0.12925298524030993,0.1832938004413136,10856.341390631134,2,0.0,0,0.0
TYL,727.3886927954678,221.5317408300944,-0.07187415259266161,-0.010781122513597863,773.0167918692002,0,2.0,0,0.0
UAL,42699.820062860206,35117.19129589476,-0.20823191266596852,0.19854213337092252,42002.7017345082,2,2.0,0,0.0
UBER,251471.66031356997,107039.11287331021,0.04961769394431004,0.18342108475534546,188074.5185972053,2,0.0,0,0.0
UDR,47076.697698286385,22157.880091810614,-0.020049232841446885,-0.04194359704756545,48919.06094441385,0,2.0,0,0.0
UHS,3467.4211349406323,1569.2938382419056,-0.1196219454165599,-0.07405932019875727,4120.619966782313,0,2.0,0,0.0
ULTA,1425.6307946583745,847.9633865709135,-0.04949772307865574,0.4465480600811833,990.795720574091,2,0.0,0,0.0
UNH,15878.338692819623,22043.490434015708,-0.13644702683035914,-0.4323959272543684,31513.20508029075,0,2.0,0,0.0
UNP,16871.011275903085,5877.553059248012,-0.0019450006857749669,-0.007899383766064694,16815.169461607617,0,0.0,0,0.0
UPS,50186.681980398556,28918.22508589206,-0.1558524950320055,-0.08825721609798698,63284.899938638424,0,0.0,0,0.0
URI,945.0364796059444,318.1153681526556,-0.2642725608303753,0.27719599126838923,969.2063503684086,2,2.0,0,0.0
USB,165903.88107251335,80844.45687466352,-0.15903882295684135,0.10117977276881551,174091.25235342406,0,2.0,0,0.0
V,29582.960806244537,6826.622344747857,0.0766420351155166,0.04846370087627738,25869.286398135082,0,0.0,0,0.0
VICI,361139.1016820012,87279.08527090865,0.014567147251191903,0.055207210930968253,329464.89156999264,0,2.0,0,0.0
VLO,24293.527725565968,8407.036213592772,-0.07644246692073386,0.10469697390420829,23121.479199774833,0,0.0,0,0.0
VLTO,16139.836351971957,5113.646455788258,-0.06521143296220222,0.04338469930282507,16061.445284082136,0,2.0,0,0.0
VMC,3144.790337536468,1433.7572580681353,-0.16468214753993304,0.13418682791397507,3233.5725502610703,0,0.0,0,0.0
VRSK,6765.986329378645,1598.4207617460268,0.013230482959857515,0.03632970689436266,6330.931638535227,0,2.0,0,0.0
VRSN,5046.000105475846,1310.021260903647,0.3430245937370622,0.18105197632247338,3109.7528806454034,2,0.0,0,0.0
VRTX,2320.7917760353143,1435.0782357628511,0.07293205037658024,-0.06495054743838813,2263.9037517612915,0,2.0,0,0.0
VST,22456.055232444964,17455.509646101942,-0.1359668948746635,0.5232906062729474,15824.246029581342,2,2.0,0,0.0
VTR,51204.40776390441,17109.847111519237,0.05177852111721548,0.005830250731775566,47335.48769546089,0,2.0,0,0.0
VTRS,622479.7070204742,546667.8374711046,-0.29178189505597396,0.014319780177608266,827058.5922877108,3,0.0,0,0.0
VZ,608742.0649153327,198023.81570642142,0.0483118174390349,-0.00018329593113552978,570942.1992098405,0,0.0,0,0.0
WAB,4886.493363175733,2073.168097510447,-0.06857181472047369,0.15976448385675335,4440.6611341391,0,2.0,0,0.0
WAT,1253.67690232203,739.4834831400681,-0.0013221965822407533,-0.19321559154032708,1482.6005829423973,0,0.0,0,0.0
WBD,6370305.050574949,1712314.056264021,0.10348463723367995,0.23354962619767217,4505361.095086384,1,1.0,0,0.0
WDAY,11298.73845436271,4471.257283949268,-0.05448022217024062,-0.03661218902723584,12030.282253211837,0,0.0,0,0.0
WDC,191453.5013249496,57763.45019934656,-0.11540512412286552,0.5744538153112702,134024.0987578688,2,2.0,0,0.0
WEC,21682.988860763115,7393.275931093374,0.07949422918691584,0.014092647565034033,19173.069042122275,0,2.0,0,0.0
WELL,29630.363001390593,7985.983486606578,0.06876345493747316,0.09427084653796669,24872.85202997317,0,2.0,0,0.0
WFC,196290.06919731817,81392.84990988331,-0.03494024519269301,0.1563505096102651,171484.70641629345,0,2.0,0,0.0
WM,11423.73128754392,2913.0757866363015,0.03272979203249804,0.01109263639840763,10803.807898594814,0,2.0,0,0.0
WMB,130571.02010467494,47613.81123461313,0.0409574662014518,-0.028151185520654542,127161.5170064777,0,2.0,0,0.0
WMT,211304.41768110218,68978.99076665385,0.013334474301323729,0.11227336867412596,183155.04434862308,0,2.0,0,0.0
WRB,36467.641658099565,11180.661727279248,0.047480952109192565,0.08023810252932395,31552.40618241426,0,0.0,0,0.0
WSM,14049.080993942202,4079.900693266867,0.17701921041509094,0.12077783433746414,10035.40799062148,0,0.0,0,0.0
WST,1566.852202539033,1497.8692040618128,-0.26570311720856177,-0.013553150208287179,2089.7838308612113,0,0.0,0,0.0
WTW,1530.3833118859795,740.4587970935527,0.05707917854712652,-0.06846015490336477,1525.8086551950994,0,0.0,0,0.0
WY,219637.12361364136,63376.487789634186,-0.054354096158525045,-0.12908298437787602,254085.6706925872,0,0.0,0,0.0
WYNN,15643.832987128539,9954.507141789021,-0.11063887700962605,0.30333321218911324,12919.825158272819,2,0.0,0,0.0
XEL,55456.325427994525,20344.34310129131,0.0004431257821784218,0.038989196685163874,51431.85314839817,0,2.0,0,0.0
XOM,136197.1352452119,53484.43255193337,-0.041037075335526585,-0.04351693977900961,146294.5878939401,0,0.0,0,0.0
XYL,13312.796036725042,4187.470752342557,-0.03861103308315106,0.10889045784801432,12225.021742307608,0,2.0,0,0.0
XYZ,82752.60639097709,60735.58628015456,-0.34354006087549216,0.29425129227666935,93493.2750489749,2,0.0,0,0.0
YUM,13375.140841427796,5161.230099019685,0.1758634351791697,-0.061161022433837364,11856.955744292674,0,0.0,0,0.0
ZBH,17298.0402265323,7917.702984752657,-0.025949079377965978,-0.12428161982917385,19826.831426617802,0,0.0,0,0.0
ZBRA,2296.543465193657,777.4660588641407,-0.27071406034599343,0.15951654793699532,2618.3371727397916,0,2.0,0,0.0
ZTS,38716.149757967214,8245.509422662455,-0.08515790786475941,-0.05248607367195912,43969.17127155042,0,2.0,0,0.0
