company_name,ticker,return_6m,volatility,avg_volume,up_ratio,cluster
Apple Inc.,AAPL,-0.1576963815060226,0.025793451310726245,58058990.55737705,0.5041322314049587,0
Amazon,AMZN,-0.003768958314412929,0.02423285602841214,45282525.25409836,0.4793388429752066,0
Alphabet Inc. (Class A),GOOGL,-0.06968273240774969,0.02280428486169275,36843725.13934426,0.4793388429752066,0
Alphabet Inc. (Class C),GOOG,-0.06945391596285999,0.022543422728154745,24155920.639344264,0.4793388429752066,0
Home Depot (The),HD,-0.05617051948720586,0.0157117435929371,3593206.155737705,0.47107438016528924,0
UnitedHealth Group,UNH,-0.37458652585491414,0.03516506148779693,11165179.155737706,0.5041322314049587,0
Salesforce,CRM,-0.1753160345974718,0.02170806295311642,7323492.75409836,0.5041322314049587,0
McDonald's,MCD,-0.0011623534238144329,0.013311822054234089,3614168.319672131,0.48760330578512395,0
Merck & Co.,MRK,-0.20177473026116777,0.020092609469814053,16358729.43442623,0.49586776859504134,0
PepsiCo,PEP,-0.12096398375607498,0.01476427934017557,8399347.327868853,0.4793388429752066,0
Thermo Fisher Scientific,TMO,-0.22410394779646758,0.02129998522597513,2403930.606557377,0.45454545454545453,0
ServiceNow,NOW,-0.024906576626135823,0.0302944770198389,1717843.713114754,0.5206611570247934,0
Applied Materials,AMAT,0.11716604625617855,0.031120670648059793,7487614.180327869,0.512396694214876,0
NextEra Energy,NEE,-0.03058232090490154,0.02036139194636869,12478146.581967212,0.512396694214876,0
TJX Companies,TJX,0.019314898885678833,0.012843828839368156,5463686.762295082,0.48760330578512395,0
Accenture,ACN,-0.1431397282265925,0.01900326924792773,3350886.081967213,0.512396694214876,0
Danaher Corporation,DHR,-0.14042034724337504,0.02338210023031261,4292121.721311475,0.5206611570247934,0
Eaton Corporation,ETN,0.07540065068080493,0.02846733439699725,3229377.2377049183,0.5041322314049587,0
Pfizer,PFE,-0.08906426155580616,0.016110432354835284,46294535.41803279,0.49586776859504134,0
Lowe's,LOW,-0.10166815126730899,0.016294562520815112,2660905.270491803,0.5206611570247934,0
Union Pacific Corporation,UNP,0.0041899441340782495,0.016634960894253457,3063069.819672131,0.5041322314049587,0
Blackstone Inc.,BX,-0.13910791366906472,0.02926618556888958,4351015.950819672,0.4462809917355372,0
Analog Devices,ADI,0.12618878637331443,0.03117080102591488,4104624.3032786883,0.5041322314049587,0
KKR,KKR,-0.10831825189355848,0.03542017438485408,5312630.155737705,0.5537190082644629,0
ConocoPhillips,COP,-0.1033173461231015,0.02552369214495366,8563970.631147541,0.5371900826446281,0
Prologis,PLD,0.008248609246115368,0.021223864601149188,4631966.680327869,0.5041322314049587,0
Dell Technologies,DELL,0.052089590663348506,0.03717631926895071,7839174.25409836,0.512396694214876,0
"Nike, Inc.",NKE,-0.03569974209311788,0.03132412849238039,18040957.04918033,0.45454545454545453,0
Moody's Corporation,MCO,0.06080280856103548,0.020602846196169956,807435.3852459016,0.4793388429752066,0
Sherwin-Williams,SHW,0.03061592027854476,0.016838280679297192,1756187.6721311475,0.4628099173553719,0
Aon,AON,0.005014367006591858,0.015270989463288514,1325467.1311475409,0.5041322314049587,0
Airbnb,ABNB,0.006540918770915782,0.02978566219245511,5502216.8852459015,0.48760330578512395,0
Apollo Global Management,APO,-0.1446400578801399,0.03217356130778345,3823371.5901639345,0.48760330578512395,0
U.S. Bancorp,USB,-0.054534057668198854,0.020681273187333482,10636452.950819673,0.512396694214876,0
Marriott International,MAR,-0.004518127163417818,0.021388143412158667,1795222.5,0.512396694214876,0
Illinois Tool Works,ITW,-0.011118665760108781,0.0165823408331143,1116715.6721311475,0.49586776859504134,0
United Parcel Service,UPS,-0.1851134253653024,0.022935077050875458,6092585.5,0.48760330578512395,0
Fiserv,FI,-0.16297698805709293,0.02979003644203318,4161578.475409836,0.5537190082644629,0
PayPal,PYPL,-0.13761893710837791,0.02651746334212974,11141133.516393442,0.5206611570247934,0
Autodesk,ADSK,0.05540024546570299,0.018345784879700455,1586357.1311475409,0.4793388429752066,0
Colgate-Palmolive,CL,0.003865267807841022,0.015143777172349049,5357749.073770491,0.5041322314049587,0
Regeneron Pharmaceuticals,REGN,-0.26592933346383485,0.030139015554946882,1156481.6311475409,0.49586776859504134,0
Sempra,SRE,-0.13037989211523016,0.02483251725083459,4884800.319672131,0.5206611570247934,0
EOG Resources,EOG,-0.040894876112581136,0.02163836900806521,3814825.8852459015,0.49586776859504134,0
Air Products,APD,-0.004341840516784989,0.0182576684889798,1409240.4590163934,0.512396694214876,0
Cummins,CMI,-0.05796059254997832,0.022767510651520884,866938.0163934426,0.512396694214876,0
Simon Property Group,SPG,-0.07358958105226765,0.020488397994395068,1681808.5327868853,0.48760330578512395,0
Truist Financial,TFC,-0.007846757442880103,0.021984880832886203,8837410.368852459,0.4793388429752066,0
Chipotle Mexican Grill,CMG,-0.06244782100517621,0.021811607605967842,12871321.155737706,0.4462809917355372,0
Datadog,DDOG,-0.06474970410081449,0.02732335653643749,5015638.959016394,0.5206611570247934,0
FedEx,FDX,-0.1712483593408195,0.024211787219418343,2000855.5163934426,0.48760330578512395,0
NXP Semiconductors,NXPI,0.05955094321322929,0.03551774512889445,3092030.5409836066,0.48760330578512395,0
Becton Dickinson,BDX,-0.23948077177800342,0.022551895740989102,2582182.1475409837,0.4793388429752066,0
Paccar,PCAR,-0.0808354283504158,0.019895538320428376,2846764.319672131,0.48760330578512395,0
Ross Stores,ROST,-0.16395806028833548,0.01845723463032716,3214562.0409836066,0.4380165289256198,0
Schlumberger,SLB,-0.11979166666666674,0.02663841776133804,16414315.918032788,0.47107438016528924,0
"Block, Inc.",XYZ,-0.21694524495677225,0.04034730822264295,9108595.081967212,0.5619834710743802,0
D. R. Horton,DHI,-0.06335367625690203,0.021455131633022113,3597166.3278688523,0.5206611570247934,0
Kroger,KR,0.15805618340329364,0.01784501879498887,7326898.196721312,0.48760330578512395,0
Baker Hughes,BKR,-0.07747834456207892,0.025429571932403937,8023364.418032787,0.512396694214876,0
ONEOK,OKE,-0.1978972192198094,0.023513937993450522,4099056.1393442624,0.5371900826446281,0
Copart,CPRT,-0.12872869318181823,0.017297186574501976,5477128.065573771,0.5041322314049587,0
Edwards Lifesciences,EW,0.07742113238738102,0.016459964554992563,4562212.819672131,0.4793388429752066,0
Ametek,AME,0.014747939213817007,0.015738498303796696,1383079.3852459015,0.48760330578512395,0
Occidental Petroleum,OXY,-0.1565950612326843,0.027024311306132524,12396506.229508197,0.48760330578512395,0
Diamondback Energy,FANG,-0.1761602110564816,0.030027318638591063,2583254.024590164,0.5289256198347108,0
Public Service Enterprise Group,PEG,-0.0108108108108107,0.015218209806029493,2989381.6147540985,0.4793388429752066,0
Target Corporation,TGT,-0.28092426561702744,0.024467442007831307,7349629.762295082,0.47107438016528924,0
Delta Air Lines,DAL,-0.1674284746910445,0.0382593156365787,10993971.18852459,0.4628099173553719,0
Fair Isaac,FICO,-0.08415166940558738,0.03100115031110817,236880.5163934426,0.5537190082644629,0
Kimberly-Clark,KMB,-0.013090408022659483,0.013317424911313618,2306366.4672131147,0.5041322314049587,0
Martin Marietta Materials,MLM,0.07521153243497336,0.016564319188479934,505605.262295082,0.48760330578512395,0
Agilent Technologies,A,-0.11556621449449145,0.021755067207045668,2070781.786885246,0.4793388429752066,0
Hershey Company (The),HSY,-0.016825641329462626,0.01788280777149753,1866854.5737704919,0.48760330578512395,0
Sysco,SYY,0.00039624884427413853,0.014993643502229679,3411879.2786885244,0.5041322314049587,0
Prudential Financial,PRU,-0.09157013612919584,0.02017132468742025,1824627.213114754,0.5206611570247934,0
PG&E Corporation,PCG,-0.3033483258370815,0.022276547849165943,23092230.18852459,0.47107438016528924,0
IQVIA,IQV,-0.19234317343173435,0.024401070209750967,1996269.262295082,0.4462809917355372,0
Arch Capital Group,ACGL,-0.0036112934996717083,0.017739177019536267,1739805.0573770492,0.49586776859504134,0
United Airlines Holdings,UAL,-0.16556638373677046,0.04304810100659837,8357578.655737705,0.5041322314049587,0
Willis Towers Watson,WTW,-0.008956575160862568,0.014463711937366897,637131.5573770492,0.49586776859504134,0
Hewlett Packard Enterprise,HPE,-0.04750815090824401,0.03433969925246332,19371003.532786883,0.512396694214876,0
GE HealthCare,GEHC,-0.05498851747894873,0.027572642060504825,4130918.606557377,0.4793388429752066,0
Las Vegas Sands,LVS,-0.1280561122244489,0.02807109865030702,5915322.573770491,0.5041322314049587,0
DuPont,DD,-0.09068010075566757,0.026495026714148922,2939334.975409836,0.49586776859504134,0
Targa Resources,TRGP,-0.049054954659674355,0.027273691927834257,1997799.0573770492,0.5289256198347108,0
Lennar,LEN,-0.1496575105514426,0.021744948938295372,3187662.2213114756,0.49586776859504134,0
Ingersoll Rand,IR,-0.08108705258506399,0.022124117406528067,2909805.4672131147,0.48760330578512395,0
Kenvue,KVUE,-0.016447368421052655,0.017238991189284045,17124441.508196723,0.49586776859504134,0
Archer Daniels Midland,ADM,0.050975706889685446,0.020099509983145657,4166853.6639344264,0.4628099173553719,0
Kraft Heinz,KHC,-0.1608709782255443,0.01606478856418276,11516669.827868853,0.48760330578512395,0
Tractor Supply,TSCO,0.0074455899198166975,0.020304020772122424,5599438.163934426,0.5041322314049587,0
Old Dominion,ODFL,-0.07642405963694288,0.027664642303880858,1846826.4918032787,0.49586776859504134,0
Equifax,EFX,0.03281169115597504,0.02569029250644209,1049136.737704918,0.5041322314049587,0
Expedia Group,EXPE,-0.08983974531916039,0.03351536124152726,2197012.975409836,0.5041322314049587,0
HP Inc.,HPQ,-0.24668925161687705,0.026691131769569918,8497164.18852459,0.48760330578512395,0
Synchrony Financial,SYF,0.02283524904214551,0.030363175554260203,4271646.368852459,0.5371900826446281,0
Mettler Toledo,MTD,-0.03772997591703664,0.024993069975014798,179812.46721311475,0.5206611570247934,0
AvalonBay Communities,AVB,-0.06251439627769839,0.015914604209034563,812002.9262295082,0.49586776859504134,0
Dexcom,DXCM,0.11197452229299376,0.03000635668014785,4010334.5327868853,0.48760330578512395,0
General Mills,GIS,-0.184608120868744,0.01647022013049196,5561980.008196721,0.4628099173553719,0
"The Trade Desk, Inc.",TTD,-0.3885160961522127,0.05140204886571244,9398777.00819672,0.5041322314049587,0
PulteGroup,PHM,-0.020252694165737717,0.022748287376109677,2150529.5655737706,0.49586776859504134,0
International Paper,IP,-0.11907449209932275,0.02510400438267143,7043086.467213115,0.49586776859504134,0
First Solar,FSLR,-0.11224325628787479,0.045079075093757706,3977667.0,0.512396694214876,0
Constellation Brands,STZ,-0.269083883721975,0.0228932710859535,2513989.7786885244,0.4462809917355372,0
Ulta Beauty,ULTA,0.09008295274489697,0.02758589445559176,960276.606557377,0.48760330578512395,0
NetApp,NTAP,-0.08083160800552114,0.027972259032710854,2186791.975409836,0.5289256198347108,0
T. Rowe Price,TROW,-0.14925504716565285,0.021527203403052513,1854871.2540983607,0.49586776859504134,0
Williams-Sonoma,WSM,-0.12892561983471074,0.030824077865472557,2115138.9590163934,0.47107438016528924,0
Hubbell Incorporated,HUBB,-0.027572085049644035,0.02341591977264724,656492.8278688524,0.512396694214876,0
PPG Industries,PPG,-0.014468896205163784,0.022161654998589228,2132070.2786885244,0.49586776859504134,0
Dover Corporation,DOV,-0.012982115923292348,0.02020968010037703,1056711.3442622952,0.47107438016528924,0
Teradyne,TER,-0.2895069532237674,0.0369194175384187,3274297.8032786883,0.47107438016528924,0
Smurfit WestRock,SW,-0.1949626865671642,0.02652767310070047,3748277.9836065574,0.49586776859504134,0
Edison International,EIX,-0.3550806149231346,0.027721967998586974,4625698.352459016,0.512396694214876,0
Steel Dynamics,STLD,0.14366121683194844,0.02661785765297515,1718881.3524590165,0.49586776859504134,0
Biogen,BIIB,-0.16273333333333329,0.02050558572507498,1604621.9590163934,0.4793388429752066,0
"NVR, Inc.",NVR,-0.07562432023469667,0.018386640972982534,24484.10655737705,0.4628099173553719,0
Global Payments,GPN,-0.28471849865951737,0.02968589822598432,2929609.950819672,0.5041322314049587,0
Texas Pacific Land Corporation,TPL,-0.10481492780150481,0.03431866993051316,135256.19672131148,0.5537190082644629,0
Devon Energy,DVN,-0.04760479041916166,0.031858583286269504,9420660.827868853,0.5041322314049587,0
ON Semiconductor,ON,-0.15070491006319886,0.0429388116574749,10126727.360655738,0.49586776859504134,0
Lululemon Athletica,LULU,-0.3618758561413875,0.03423361680993747,2486708.1639344264,0.48760330578512395,0
Waters Corporation,WAT,-0.052191386520393124,0.02354047467653513,514118.0081967213,0.49586776859504134,0
KeyCorp,KEY,0.025912838633686874,0.023678303889329736,14121468.983606558,0.5206611570247934,0
Ralph Lauren Corporation,RL,0.18448782173086875,0.03128654979038887,925643.0327868853,0.49586776859504134,0
Halliburton,HAL,-0.26505589614136316,0.030542037460037263,13623269.549180327,0.47107438016528924,0
Jacobs Solutions,J,0.0035193794898806807,0.016670100693277495,869289.0081967213,0.4628099173553719,0
Packaging Corporation of America,PKG,-0.1633368851003375,0.018916269553274797,892478.9180327869,0.47107438016528924,0
West Pharmaceutical Services,WST,-0.3337190535643594,0.04134890202716179,885465.2786885246,0.47107438016528924,0
Amcor,AMCR,-0.01711229946524062,0.015465553558116695,30582038.36885246,0.4628099173553719,0
Gartner,IT,-0.16362507759155798,0.017465813491519152,663857.6393442623,0.4793388429752066,0
GoDaddy,GDDY,-0.09476647730129206,0.02294819476178584,1486719.6147540985,0.49586776859504134,0
Pentair,PNR,0.022509960159362352,0.021399561695218644,1498731.7213114754,0.47107438016528924,0
Aptiv,APTV,0.13134328358208958,0.0253854428656226,3155037.549180328,0.5041322314049587,0
Centene Corporation,CNC,-0.10295818872913565,0.021037012430722132,4798581.557377049,0.47107438016528924,0
McCormick & Company,MKC,-0.0007907221929362995,0.016638433274351168,2336105.4590163934,0.48760330578512395,0
Southwest Airlines,LUV,-0.02786934372190586,0.029545695295586878,11913142.926229509,0.5371900826446281,0
Snap-on,SNA,-0.07140938796216167,0.017350075406342744,399310.3360655738,0.4793388429752066,0
Invitation Homes,INVH,0.0435889277760102,0.014301778051349488,3244994.5327868853,0.4628099173553719,0
Bunge Global,BG,0.03493618667010456,0.02019409081932709,1790571.0,0.48760330578512395,0
Erie Indemnity,ERIE,-0.15313797313797306,0.023306140857554027,152797.59836065574,0.512396694214876,0
Fortive,FTV,-0.06835184238650616,0.019502252726795493,3956383.7213114756,0.5206611570247934,0
Best Buy,BBY,-0.22095857026807475,0.03294697653607363,3716331.6721311477,0.4793388429752066,0
International Flavors & Fragrances,IFF,-0.11481526056083768,0.01913974106488128,1734185.0409836066,0.49586776859504134,0
Expeditors International,EXPD,0.03844755499000185,0.0198647763773042,1416174.5081967213,0.4793388429752066,0
Dow Inc.,DOW,-0.33046776232616937,0.029911093059887192,9114025.926229509,0.4132231404958678,0
Mid-America Apartment Communities,MAA,-0.029251656063487896,0.014947775723486819,899372.0491803279,0.48760330578512395,0
Omnicom Group,OMC,-0.16774641369736232,0.019401836358339173,3499813.581967213,0.48760330578512395,0
LyondellBasell,LYB,-0.20500137400384721,0.026376561629107915,3686766.3032786883,0.4628099173553719,0
C.H. Robinson,CHRW,-0.06645261724070828,0.01913183610276453,1324440.5163934426,0.48760330578512395,0
Zebra Technologies,ZBRA,-0.1964769647696476,0.03239005807251591,608228.6721311476,0.48760330578512395,0
Everest Group,EG,-0.06462444609583562,0.016767501655713574,425924.0081967213,0.4628099173553719,0
Deckers Brands,DECK,-0.4960887845898113,0.040245799907762975,3315634.9426229508,0.4628099173553719,0
Kimco Realty,KIM,-0.08489333913800612,0.017314079726146826,5017573.163934426,0.45454545454545453,0
Clorox,CLX,-0.25804856948649824,0.015448311295105023,1594523.68852459,0.47107438016528924,0
Hologic,HOLX,-0.09172010036241984,0.022752872837435757,3069674.7622950817,0.5041322314049587,0
Masco,MAS,-0.10136833286791402,0.022777829561867836,2112794.5901639345,0.48760330578512395,0
Cooper Companies (The),COO,-0.21508934480476505,0.02487516816797366,2171854.1147540985,0.48760330578512395,0
Builders FirstSource,BLDR,-0.17812367939146356,0.02938737182310373,1883977.1311475409,0.48760330578512395,0
J.B. Hunt,JBHT,-0.16121495327102797,0.02520433552955527,1141777.6475409835,0.48760330578512395,0
Hormel Foods,HRL,-0.040291878172588835,0.014066638013870208,3089452.680327869,0.4628099173553719,0
Nordson Corporation,NDSN,0.04586036981021624,0.021245718118361144,392157.37704918033,0.47107438016528924,0
BrownForman,BF.B,-0.27622377622377625,0.02744103171475008,3866271.401639344,0.45454545454545453,0
Ball Corporation,BALL,0.03030859662013241,0.017966339144351296,2755462.7213114756,0.48760330578512395,0
Alexandria Real Estate Equities,ARE,-0.2550769230769231,0.021432300350453945,1597085.4672131147,0.49586776859504134,0
Regency Centers,REG,-0.013571527489267265,0.014458090948780415,1084538.7704918033,0.48760330578512395,0
Healthpeak Properties,DOC,-0.13144841269841268,0.015274900111089616,5683937.336065574,0.4628099173553719,0
Avery Dennison,AVY,-0.042769079701052926,0.016322959659403367,782725.155737705,0.48760330578512395,0
IDEX Corporation,IEX,-0.14796661166650493,0.01952086722714808,644826.4918032787,0.4462809917355372,0
Wynn Resorts,WYNN,0.11778042959427215,0.028543161309099615,2600265.1885245903,0.4793388429752066,0
"UDR, Inc.",UDR,-0.03997178462261941,0.017122595294062962,2254461.3852459015,0.4793388429752066,0
Baxter International,BAX,0.034859876965140035,0.02367845711234646,4472474.122950819,0.5041322314049587,0
Viatris,VTRS,-0.2809983896940419,0.025455886071453226,13984021.663934426,0.5041322314049587,0
Albemarle Corporation,ALB,-0.2646955297430482,0.03740274552418405,3128726.5,0.4793388429752066,0
Host Hotels & Resorts,HST,-0.10697674418604652,0.022241575829752475,9901043.606557377,0.4628099173553719,0
Assurant,AIZ,-0.06584362139917688,0.01810287184901574,511493.74590163934,0.512396694214876,0
"BXP, Inc.",BXP,-0.08453188602442341,0.022290950019949195,1527893.0327868853,0.512396694214876,0
Camden Property Trust,CPT,-0.017352633414719265,0.015807551358502467,1007668.5655737704,0.49586776859504134,0
Generac,GNRC,-0.08783439490445855,0.027147931910933707,888108.0901639344,0.47107438016528924,0
Skyworks Solutions,SWKS,-0.15749010740531377,0.04044431215947603,3759950.9918032787,0.5371900826446281,0
Norwegian Cruise Line Holdings,NCLH,-0.21759259259259256,0.03720545845595516,14023779.836065574,0.5537190082644629,0
J.M. Smucker Company (The),SJM,-0.11825446709167642,0.02141012393387561,1489482.3770491802,0.4462809917355372,0
FactSet,FDS,-0.06134183962561124,0.01515292013572902,325877.7049180328,0.4628099173553719,0
Pool Corporation,POOL,-0.12434283654279443,0.020585470933833436,509122.2213114754,0.47107438016528924,0
Dayforce,DAY,-0.22412102535369094,0.02724484710070965,1971083.237704918,0.5041322314049587,0
Akamai Technologies,AKAM,-0.16411653741354015,0.03119702399896658,2584276.5409836066,0.5289256198347108,0
Stanley Black & Decker,SWK,-0.15185277916875306,0.03320958653246846,2497829.393442623,0.47107438016528924,0
Revvity,RVTY,-0.13642857142857145,0.02544618313899159,1138662.4016393442,0.4462809917355372,0
Invesco,IVZ,-0.10651558073654388,0.028621626454111534,5246034.221311475,0.5289256198347108,0
AES Corporation,AES,-0.1938697318007664,0.03252330685444175,15938901.745901639,0.47107438016528924,0
Moderna,MRNA,-0.3430952380952381,0.04751133278356583,11253312.614754098,0.49586776859504134,0
Interpublic Group of Companies (The),IPG,-0.1297547102737291,0.020766485673556073,6984227.713114754,0.47107438016528924,0
A. O. Smith,AOS,-0.02613990791623355,0.01676963361533521,1581322.6803278688,0.47107438016528924,0
Align Technology,ALGN,-0.09189889203319102,0.026166189568277747,1055033.950819672,0.49586776859504134,0
Molson Coors Beverage Company,TAP,-0.15284990522629427,0.01804845364626834,2460476.106557377,0.45454545454545453,0
Bio-Techne,TECH,-0.2802182428651371,0.028590536229955808,2019878.5327868853,0.5041322314049587,0
Campbell Soup Company,CPB,-0.27075898167975265,0.017310964017403986,3741144.081967213,0.4380165289256198,0
Lamb Weston,LW,-0.21486977589339795,0.02323753804689687,2344274.4590163934,0.47107438016528924,0
MGM Resorts,MGM,0.021687462863933638,0.03215723714236258,5553779.057377049,0.4628099173553719,0
Conagra Brands,CAG,-0.26020961329960257,0.01645877876415315,6576289.827868853,0.4380165289256198,0
Federal Realty Investment Trust,FRT,-0.12813217072051408,0.018179397974480083,779009.844262295,0.4793388429752066,0
Charles River Laboratories,CRL,-0.1692400350416119,0.04133940259745229,1381320.6229508198,0.512396694214876,0
APA Corporation,APA,-0.2177074422583405,0.039678756066765616,8392475.795081967,0.5537190082644629,0
EPAM Systems,EPAM,-0.22839937161808344,0.029379870334854192,767005.0409836066,0.49586776859504134,0
Mohawk Industries,MHK,-0.09558316080055207,0.023802790495552457,792303.762295082,0.48760330578512395,0
Eastman Chemical Company,EMN,-0.15657478535924085,0.024757687023688194,1507633.5327868853,0.4628099173553719,0
CarMax,KMX,-0.1724944594927359,0.027873033640979414,2960985.418032787,0.47107438016528924,0
